image_id,image_no,image_name,image_path,longitude,latitude,width,height,format,file_size_bytes
S2_000001,1,"-113.917243,51.101323.jpg",data\processed\images\S2_000001.jpg,-113.917243,51.101323,350,350,JPEG,23620
S2_000002,2,"-113.917264,50.966686.jpg",data\processed\images\S2_000002.jpg,-113.917264,50.966686,350,350,JPEG,21668
S2_000003,3,"-113.917465,51.051057.jpg",data\processed\images\S2_000003.jpg,-113.917465,51.051057,350,350,JPEG,22293
S2_000004,4,"-113.917555,51.071225.jpg",data\processed\images\S2_000004.jpg,-113.917555,51.071225,350,350,JPEG,28258
S2_000005,5,"-113.917557,51.165343.jpg",data\processed\images\S2_000005.jpg,-113.917557,51.165343,350,350,JPEG,20411
S2_000006,6,"-113.917628,51.015992.jpg",data\processed\images\S2_000006.jpg,-113.917628,51.015992,350,350,JPEG,21172
S2_000007,7,"-113.917675,51.136583.jpg",data\processed\images\S2_000007.jpg,-113.917675,51.136583,350,350,JPEG,20493
S2_000008,8,"-113.917733,50.908707.jpg",data\processed\images\S2_000008.jpg,-113.917733,50.908707,350,350,JPEG,22213
S2_000009,9,"-113.91774,50.982371.jpg",data\processed\images\S2_000009.jpg,-113.91774,50.982371,350,350,JPEG,24725
S2_000010,10,"-113.91777,50.901087.jpg",data\processed\images\S2_000010.jpg,-113.91777,50.901087,350,350,JPEG,34627
S2_000011,11,"-113.917791,51.148185.jpg",data\processed\images\S2_000011.jpg,-113.917791,51.148185,350,350,JPEG,20203
S2_000012,12,"-113.91782,50.896917.jpg",data\processed\images\S2_000012.jpg,-113.91782,50.896917,350,350,JPEG,45051
S2_000013,13,"-113.91787,51.069856.jpg",data\processed\images\S2_000013.jpg,-113.91787,51.069856,350,350,JPEG,25684
S2_000014,14,"-113.917915,50.952588.jpg",data\processed\images\S2_000014.jpg,-113.917915,50.952588,350,350,JPEG,30804
S2_000015,15,"-113.91793,51.091205.jpg",data\processed\images\S2_000015.jpg,-113.91793,51.091205,350,350,JPEG,26911
S2_000016,16,"-113.918016,50.978447.jpg",data\processed\images\S2_000016.jpg,-113.918016,50.978447,350,350,JPEG,22482
S2_000017,17,"-113.918098,50.962694.jpg",data\processed\images\S2_000017.jpg,-113.918098,50.962694,350,350,JPEG,25019
S2_000018,18,"-113.918145,50.925384.jpg",data\processed\images\S2_000018.jpg,-113.918145,50.925384,350,350,JPEG,25080
S2_000019,19,"-113.918155,51.129969.jpg",data\processed\images\S2_000019.jpg,-113.918155,51.129969,350,350,JPEG,15477
S2_000020,20,"-113.918213,50.96612.jpg",data\processed\images\S2_000020.jpg,-113.918213,50.96612,350,350,JPEG,22597
S2_000021,21,"-113.91823,50.90175.jpg",data\processed\images\S2_000021.jpg,-113.91823,50.90175,350,350,JPEG,38870
S2_000022,22,"-113.918231,50.982736.jpg",data\processed\images\S2_000022.jpg,-113.918231,50.982736,350,350,JPEG,24219
S2_000023,23,"-113.918231,51.154481.jpg",data\processed\images\S2_000023.jpg,-113.918231,51.154481,350,350,JPEG,19902
S2_000024,24,"-113.918272,51.150254.jpg",data\processed\images\S2_000024.jpg,-113.918272,51.150254,350,350,JPEG,18966
S2_000025,25,"-113.918292,50.911654.jpg",data\processed\images\S2_000025.jpg,-113.918292,50.911654,350,350,JPEG,21989
S2_000026,26,"-113.918307,50.973625.jpg",data\processed\images\S2_000026.jpg,-113.918307,50.973625,350,350,JPEG,24168
S2_000027,27,"-113.91831,51.088925.jpg",data\processed\images\S2_000027.jpg,-113.91831,51.088925,350,350,JPEG,24995
S2_000028,28,"-113.918315,51.112177.jpg",data\processed\images\S2_000028.jpg,-113.918315,51.112177,350,350,JPEG,23488
S2_000029,29,"-113.918347,51.097737.jpg",data\processed\images\S2_000029.jpg,-113.918347,51.097737,350,350,JPEG,24534
S2_000030,30,"-113.918383,51.148573.jpg",data\processed\images\S2_000030.jpg,-113.918383,51.148573,350,350,JPEG,20650
S2_000031,31,"-113.918397,51.150939.jpg",data\processed\images\S2_000031.jpg,-113.918397,51.150939,350,350,JPEG,18563
S2_000032,32,"-113.918463,50.954355.jpg",data\processed\images\S2_000032.jpg,-113.918463,50.954355,350,350,JPEG,30874
S2_000033,33,"-113.918488,51.163727.jpg",data\processed\images\S2_000033.jpg,-113.918488,51.163727,350,350,JPEG,23017
S2_000034,34,"-113.918522,50.941109.jpg",data\processed\images\S2_000034.jpg,-113.918522,50.941109,350,350,JPEG,23730
S2_000035,35,"-113.918547,51.114526.jpg",data\processed\images\S2_000035.jpg,-113.918547,51.114526,350,350,JPEG,23520
S2_000036,36,"-113.918624,51.133391.jpg",data\processed\images\S2_000036.jpg,-113.918624,51.133391,350,350,JPEG,18604
S2_000037,37,"-113.918658,50.953348.jpg",data\processed\images\S2_000037.jpg,-113.918658,50.953348,350,350,JPEG,29896
S2_000038,38,"-113.918729,50.905488.jpg",data\processed\images\S2_000038.jpg,-113.918729,50.905488,350,350,JPEG,39461
S2_000039,39,"-113.918739,51.023973.jpg",data\processed\images\S2_000039.jpg,-113.918739,51.023973,350,350,JPEG,15643
S2_000040,40,"-113.918766,51.104067.jpg",data\processed\images\S2_000040.jpg,-113.918766,51.104067,350,350,JPEG,21815
S2_000041,41,"-113.918807,51.16894.jpg",data\processed\images\S2_000041.jpg,-113.918807,51.16894,350,350,JPEG,18339
S2_000042,42,"-113.91887,51.095763.jpg",data\processed\images\S2_000042.jpg,-113.91887,51.095763,350,350,JPEG,24438
S2_000043,43,"-113.918882,50.914393.jpg",data\processed\images\S2_000043.jpg,-113.918882,50.914393,350,350,JPEG,37186
S2_000044,44,"-113.918887,50.941984.jpg",data\processed\images\S2_000044.jpg,-113.918887,50.941984,350,350,JPEG,23247
S2_000045,45,"-113.918943,51.117901.jpg",data\processed\images\S2_000045.jpg,-113.918943,51.117901,350,350,JPEG,24948
S2_000046,46,"-113.918944,50.943061.jpg",data\processed\images\S2_000046.jpg,-113.918944,50.943061,350,350,JPEG,22321
S2_000047,47,"-113.919038,50.978048.jpg",data\processed\images\S2_000047.jpg,-113.919038,50.978048,350,350,JPEG,22776
S2_000048,48,"-113.919071,51.024865.jpg",data\processed\images\S2_000048.jpg,-113.919071,51.024865,350,350,JPEG,15144
S2_000049,49,"-113.919082,51.019757.jpg",data\processed\images\S2_000049.jpg,-113.919082,51.019757,350,350,JPEG,17969
S2_000050,50,"-113.919127,51.156513.jpg",data\processed\images\S2_000050.jpg,-113.919127,51.156513,350,350,JPEG,16993
S2_000051,51,"-113.919298,51.01059.jpg",data\processed\images\S2_000051.jpg,-113.919298,51.01059,350,350,JPEG,21596
S2_000052,52,"-113.919314,50.915823.jpg",data\processed\images\S2_000052.jpg,-113.919314,50.915823,350,350,JPEG,43645
S2_000053,53,"-113.919319,51.083544.jpg",data\processed\images\S2_000053.jpg,-113.919319,51.083544,350,350,JPEG,23041
S2_000054,54,"-113.919333,51.04345.jpg",data\processed\images\S2_000054.jpg,-113.919333,51.04345,350,350,JPEG,28928
S2_000055,55,"-113.919371,51.09526.jpg",data\processed\images\S2_000055.jpg,-113.919371,51.09526,350,350,JPEG,24465
S2_000056,56,"-113.91947,51.146503.jpg",data\processed\images\S2_000056.jpg,-113.91947,51.146503,350,350,JPEG,23725
S2_000057,57,"-113.919555,51.099521.jpg",data\processed\images\S2_000057.jpg,-113.919555,51.099521,350,350,JPEG,23565
S2_000058,58,"-113.919589,51.099694.jpg",data\processed\images\S2_000058.jpg,-113.919589,51.099694,350,350,JPEG,23529
S2_000059,59,"-113.919619,51.113377.jpg",data\processed\images\S2_000059.jpg,-113.919619,51.113377,350,350,JPEG,22663
S2_000060,60,"-113.91963,50.955589.jpg",data\processed\images\S2_000060.jpg,-113.91963,50.955589,350,350,JPEG,26989
S2_000061,61,"-113.919666,50.95719.jpg",data\processed\images\S2_000061.jpg,-113.919666,50.95719,350,350,JPEG,25984
S2_000062,62,"-113.919704,51.066255.jpg",data\processed\images\S2_000062.jpg,-113.919704,51.066255,350,350,JPEG,24940
S2_000063,63,"-113.919735,50.979086.jpg",data\processed\images\S2_000063.jpg,-113.919735,50.979086,350,350,JPEG,23272
S2_000064,64,"-113.919795,51.164744.jpg",data\processed\images\S2_000064.jpg,-113.919795,51.164744,350,350,JPEG,22356
S2_000065,65,"-113.919872,50.95765.jpg",data\processed\images\S2_000065.jpg,-113.919872,50.95765,350,350,JPEG,25645
S2_000066,66,"-113.919944,51.005402.jpg",data\processed\images\S2_000066.jpg,-113.919944,51.005402,350,350,JPEG,19909
S2_000067,67,"-113.920094,50.977122.jpg",data\processed\images\S2_000067.jpg,-113.920094,50.977122,350,350,JPEG,23148
S2_000068,68,"-113.920193,51.008575.jpg",data\processed\images\S2_000068.jpg,-113.920193,51.008575,350,350,JPEG,21181
S2_000069,69,"-113.920259,51.172339.jpg",data\processed\images\S2_000069.jpg,-113.920259,51.172339,350,350,JPEG,19744
S2_000070,70,"-113.92029,51.135386.jpg",data\processed\images\S2_000070.jpg,-113.92029,51.135386,350,350,JPEG,20332
S2_000071,71,"-113.920346,51.021682.jpg",data\processed\images\S2_000071.jpg,-113.920346,51.021682,350,350,JPEG,19088
S2_000072,72,"-113.920443,50.939223.jpg",data\processed\images\S2_000072.jpg,-113.920443,50.939223,350,350,JPEG,23558
S2_000073,73,"-113.920524,51.155004.jpg",data\processed\images\S2_000073.jpg,-113.920524,51.155004,350,350,JPEG,19676
S2_000074,74,"-113.92058,50.987268.jpg",data\processed\images\S2_000074.jpg,-113.92058,50.987268,350,350,JPEG,20346
S2_000075,75,"-113.920587,51.122479.jpg",data\processed\images\S2_000075.jpg,-113.920587,51.122479,350,350,JPEG,22434
S2_000076,76,"-113.920594,51.131947.jpg",data\processed\images\S2_000076.jpg,-113.920594,51.131947,350,350,JPEG,21445
S2_000077,77,"-113.92063,50.90217.jpg",data\processed\images\S2_000077.jpg,-113.92063,50.90217,350,350,JPEG,43782
S2_000078,78,"-113.920643,50.912461.jpg",data\processed\images\S2_000078.jpg,-113.920643,50.912461,350,350,JPEG,27132
S2_000079,79,"-113.920743,51.076598.jpg",data\processed\images\S2_000079.jpg,-113.920743,51.076598,350,350,JPEG,27536
S2_000080,80,"-113.920766,51.046588.jpg",data\processed\images\S2_000080.jpg,-113.920766,51.046588,350,350,JPEG,30971
S2_000081,81,"-113.920805,51.098429.jpg",data\processed\images\S2_000081.jpg,-113.920805,51.098429,350,350,JPEG,25634
S2_000082,82,"-113.920839,51.134405.jpg",data\processed\images\S2_000082.jpg,-113.920839,51.134405,350,350,JPEG,21486
S2_000083,83,"-113.920909,51.114409.jpg",data\processed\images\S2_000083.jpg,-113.920909,51.114409,350,350,JPEG,24473
S2_000084,84,"-113.920953,50.968529.jpg",data\processed\images\S2_000084.jpg,-113.920953,50.968529,350,350,JPEG,22127
S2_000085,85,"-113.920963,50.932806.jpg",data\processed\images\S2_000085.jpg,-113.920963,50.932806,350,350,JPEG,21363
S2_000086,86,"-113.921016,50.944725.jpg",data\processed\images\S2_000086.jpg,-113.921016,50.944725,350,350,JPEG,22860
S2_000087,87,"-113.921024,51.154202.jpg",data\processed\images\S2_000087.jpg,-113.921024,51.154202,350,350,JPEG,21212
S2_000088,88,"-113.921025,51.002899.jpg",data\processed\images\S2_000088.jpg,-113.921025,51.002899,350,350,JPEG,19561
S2_000089,89,"-113.92103,50.895734.jpg",data\processed\images\S2_000089.jpg,-113.92103,50.895734,350,350,JPEG,48615
S2_000090,90,"-113.921055,51.074763.jpg",data\processed\images\S2_000090.jpg,-113.921055,51.074763,350,350,JPEG,30018
S2_000091,91,"-113.921209,50.988972.jpg",data\processed\images\S2_000091.jpg,-113.921209,50.988972,350,350,JPEG,18429
S2_000092,92,"-113.921209,51.034929.jpg",data\processed\images\S2_000092.jpg,-113.921209,51.034929,350,350,JPEG,23128
S2_000093,93,"-113.921306,51.0099.jpg",data\processed\images\S2_000093.jpg,-113.921306,51.0099,350,350,JPEG,21994
S2_000094,94,"-113.921591,50.952677.jpg",data\processed\images\S2_000094.jpg,-113.921591,50.952677,350,350,JPEG,24771
S2_000095,95,"-113.921653,51.039465.jpg",data\processed\images\S2_000095.jpg,-113.921653,51.039465,350,350,JPEG,26700
S2_000096,96,"-113.921728,50.99875.jpg",data\processed\images\S2_000096.jpg,-113.921728,50.99875,350,350,JPEG,19616
S2_000097,97,"-113.921783,51.098583.jpg",data\processed\images\S2_000097.jpg,-113.921783,51.098583,350,350,JPEG,27947
S2_000098,98,"-113.922003,50.901663.jpg",data\processed\images\S2_000098.jpg,-113.922003,50.901663,350,350,JPEG,42894
S2_000099,99,"-113.922071,50.935324.jpg",data\processed\images\S2_000099.jpg,-113.922071,50.935324,350,350,JPEG,24460
S2_000100,100,"-113.922326,51.003373.jpg",data\processed\images\S2_000100.jpg,-113.922326,51.003373,350,350,JPEG,17944
S2_000101,101,"-113.922516,51.059891.jpg",data\processed\images\S2_000101.jpg,-113.922516,51.059891,350,350,JPEG,30748
S2_000102,102,"-113.922558,51.134122.jpg",data\processed\images\S2_000102.jpg,-113.922558,51.134122,350,350,JPEG,22685
S2_000103,103,"-113.922563,51.125433.jpg",data\processed\images\S2_000103.jpg,-113.922563,51.125433,350,350,JPEG,30326
S2_000104,104,"-113.922591,51.104753.jpg",data\processed\images\S2_000104.jpg,-113.922591,51.104753,350,350,JPEG,31985
S2_000105,105,"-113.922643,51.09118.jpg",data\processed\images\S2_000105.jpg,-113.922643,51.09118,350,350,JPEG,29761
S2_000106,106,"-113.922911,51.086965.jpg",data\processed\images\S2_000106.jpg,-113.922911,51.086965,350,350,JPEG,32000
S2_000107,107,"-113.922985,50.961745.jpg",data\processed\images\S2_000107.jpg,-113.922985,50.961745,350,350,JPEG,23591
S2_000108,108,"-113.92309,50.956223.jpg",data\processed\images\S2_000108.jpg,-113.92309,50.956223,350,350,JPEG,24155
S2_000109,109,"-113.923122,50.969869.jpg",data\processed\images\S2_000109.jpg,-113.923122,50.969869,350,350,JPEG,22111
S2_000110,110,"-113.923148,51.161817.jpg",data\processed\images\S2_000110.jpg,-113.923148,51.161817,350,350,JPEG,19207
S2_000111,111,"-113.923332,51.108785.jpg",data\processed\images\S2_000111.jpg,-113.923332,51.108785,350,350,JPEG,34668
S2_000112,112,"-113.923422,51.142416.jpg",data\processed\images\S2_000112.jpg,-113.923422,51.142416,350,350,JPEG,18504
S2_000113,113,"-113.923439,50.915502.jpg",data\processed\images\S2_000113.jpg,-113.923439,50.915502,350,350,JPEG,43229
S2_000114,114,"-113.923494,51.074623.jpg",data\processed\images\S2_000114.jpg,-113.923494,51.074623,350,350,JPEG,37137
S2_000115,115,"-113.923582,50.933914.jpg",data\processed\images\S2_000115.jpg,-113.923582,50.933914,350,350,JPEG,23719
S2_000116,116,"-113.923602,51.031583.jpg",data\processed\images\S2_000116.jpg,-113.923602,51.031583,350,350,JPEG,21259
S2_000117,117,"-113.923709,51.154347.jpg",data\processed\images\S2_000117.jpg,-113.923709,51.154347,350,350,JPEG,21892
S2_000118,118,"-113.923715,51.02314.jpg",data\processed\images\S2_000118.jpg,-113.923715,51.02314,350,350,JPEG,21500
S2_000119,119,"-113.923753,50.914845.jpg",data\processed\images\S2_000119.jpg,-113.923753,50.914845,350,350,JPEG,40960
S2_000120,120,"-113.923774,51.125345.jpg",data\processed\images\S2_000120.jpg,-113.923774,51.125345,350,350,JPEG,34040
S2_000121,121,"-113.923888,51.131261.jpg",data\processed\images\S2_000121.jpg,-113.923888,51.131261,350,350,JPEG,31604
S2_000122,122,"-113.923898,51.087797.jpg",data\processed\images\S2_000122.jpg,-113.923898,51.087797,350,350,JPEG,34549
S2_000123,123,"-113.924083,50.94186.jpg",data\processed\images\S2_000123.jpg,-113.924083,50.94186,350,350,JPEG,20214
S2_000124,124,"-113.924288,50.9669.jpg",data\processed\images\S2_000124.jpg,-113.924288,50.9669,350,350,JPEG,23448
S2_000125,125,"-113.924335,51.10357.jpg",data\processed\images\S2_000125.jpg,-113.924335,51.10357,350,350,JPEG,36200
S2_000126,126,"-113.924345,51.122073.jpg",data\processed\images\S2_000126.jpg,-113.924345,51.122073,350,350,JPEG,37219
S2_000127,127,"-113.924442,50.953541.jpg",data\processed\images\S2_000127.jpg,-113.924442,50.953541,350,350,JPEG,26529
S2_000128,128,"-113.924459,51.171598.jpg",data\processed\images\S2_000128.jpg,-113.924459,51.171598,350,350,JPEG,18779
S2_000129,129,"-113.924483,50.996054.jpg",data\processed\images\S2_000129.jpg,-113.924483,50.996054,350,350,JPEG,18577
S2_000130,130,"-113.924497,50.949579.jpg",data\processed\images\S2_000130.jpg,-113.924497,50.949579,350,350,JPEG,25897
S2_000131,131,"-113.924563,51.000153.jpg",data\processed\images\S2_000131.jpg,-113.924563,51.000153,350,350,JPEG,21529
S2_000132,132,"-113.924582,51.043168.jpg",data\processed\images\S2_000132.jpg,-113.924582,51.043168,350,350,JPEG,40827
S2_000133,133,"-113.924583,51.081896.jpg",data\processed\images\S2_000133.jpg,-113.924583,51.081896,350,350,JPEG,33371
S2_000134,134,"-113.924586,51.125917.jpg",data\processed\images\S2_000134.jpg,-113.924586,51.125917,350,350,JPEG,34747
S2_000135,135,"-113.92459,51.068478.jpg",data\processed\images\S2_000135.jpg,-113.92459,51.068478,350,350,JPEG,28684
S2_000136,136,"-113.924648,51.020441.jpg",data\processed\images\S2_000136.jpg,-113.924648,51.020441,350,350,JPEG,22234
S2_000137,137,"-113.92466,50.950168.jpg",data\processed\images\S2_000137.jpg,-113.92466,50.950168,350,350,JPEG,26530
S2_000138,138,"-113.924741,51.108419.jpg",data\processed\images\S2_000138.jpg,-113.924741,51.108419,350,350,JPEG,39662
S2_000139,139,"-113.924794,51.018778.jpg",data\processed\images\S2_000139.jpg,-113.924794,51.018778,350,350,JPEG,22087
S2_000140,140,"-113.924804,51.015784.jpg",data\processed\images\S2_000140.jpg,-113.924804,51.015784,350,350,JPEG,20967
S2_000141,141,"-113.924842,51.081046.jpg",data\processed\images\S2_000141.jpg,-113.924842,51.081046,350,350,JPEG,36619
S2_000142,142,"-113.924923,50.997287.jpg",data\processed\images\S2_000142.jpg,-113.924923,50.997287,350,350,JPEG,19492
S2_000143,143,"-113.924958,51.030692.jpg",data\processed\images\S2_000143.jpg,-113.924958,51.030692,350,350,JPEG,20936
S2_000144,144,"-113.924959,50.961255.jpg",data\processed\images\S2_000144.jpg,-113.924959,50.961255,350,350,JPEG,26223
S2_000145,145,"-113.924984,51.046419.jpg",data\processed\images\S2_000145.jpg,-113.924984,51.046419,350,350,JPEG,40516
S2_000146,146,"-113.925008,51.079819.jpg",data\processed\images\S2_000146.jpg,-113.925008,51.079819,350,350,JPEG,39888
S2_000147,147,"-113.92515,50.908541.jpg",data\processed\images\S2_000147.jpg,-113.92515,50.908541,350,350,JPEG,25737
S2_000148,148,"-113.925155,50.988785.jpg",data\processed\images\S2_000148.jpg,-113.925155,50.988785,350,350,JPEG,14322
S2_000149,149,"-113.925212,50.970756.jpg",data\processed\images\S2_000149.jpg,-113.925212,50.970756,350,350,JPEG,23696
S2_000150,150,"-113.925293,50.89753.jpg",data\processed\images\S2_000150.jpg,-113.925293,50.89753,350,350,JPEG,44635
S2_000151,151,"-113.925318,51.103627.jpg",data\processed\images\S2_000151.jpg,-113.925318,51.103627,350,350,JPEG,38153
S2_000152,152,"-113.925366,51.044951.jpg",data\processed\images\S2_000152.jpg,-113.925366,51.044951,350,350,JPEG,41897
S2_000153,153,"-113.925408,51.12556.jpg",data\processed\images\S2_000153.jpg,-113.925408,51.12556,350,350,JPEG,36680
S2_000154,154,"-113.925423,50.992753.jpg",data\processed\images\S2_000154.jpg,-113.925423,50.992753,350,350,JPEG,14612
S2_000155,155,"-113.925428,50.903131.jpg",data\processed\images\S2_000155.jpg,-113.925428,50.903131,350,350,JPEG,44687
S2_000156,156,"-113.925444,51.031373.jpg",data\processed\images\S2_000156.jpg,-113.925444,51.031373,350,350,JPEG,21042
S2_000157,157,"-113.925619,51.01324.jpg",data\processed\images\S2_000157.jpg,-113.925619,51.01324,350,350,JPEG,18614
S2_000158,158,"-113.925665,51.098692.jpg",data\processed\images\S2_000158.jpg,-113.925665,51.098692,350,350,JPEG,36370
S2_000159,159,"-113.92568,50.913958.jpg",data\processed\images\S2_000159.jpg,-113.92568,50.913958,350,350,JPEG,38670
S2_000160,160,"-113.925756,51.094666.jpg",data\processed\images\S2_000160.jpg,-113.925756,51.094666,350,350,JPEG,27978
S2_000161,161,"-113.925758,50.910081.jpg",data\processed\images\S2_000161.jpg,-113.925758,50.910081,350,350,JPEG,29102
S2_000162,162,"-113.925944,50.925923.jpg",data\processed\images\S2_000162.jpg,-113.925944,50.925923,350,350,JPEG,27561
S2_000163,163,"-113.926072,51.13956.jpg",data\processed\images\S2_000163.jpg,-113.926072,51.13956,350,350,JPEG,20508
S2_000164,164,"-113.926116,51.045406.jpg",data\processed\images\S2_000164.jpg,-113.926116,51.045406,350,350,JPEG,42960
S2_000165,165,"-113.926133,50.985596.jpg",data\processed\images\S2_000165.jpg,-113.926133,50.985596,350,350,JPEG,16565
S2_000166,166,"-113.926143,50.906632.jpg",data\processed\images\S2_000166.jpg,-113.926143,50.906632,350,350,JPEG,31058
S2_000167,167,"-113.926168,50.943202.jpg",data\processed\images\S2_000167.jpg,-113.926168,50.943202,350,350,JPEG,21811
S2_000168,168,"-113.926248,50.916488.jpg",data\processed\images\S2_000168.jpg,-113.926248,50.916488,350,350,JPEG,48001
S2_000169,169,"-113.926344,51.14274.jpg",data\processed\images\S2_000169.jpg,-113.926344,51.14274,350,350,JPEG,16964
S2_000170,170,"-113.926386,50.951858.jpg",data\processed\images\S2_000170.jpg,-113.926386,50.951858,350,350,JPEG,29505
S2_000171,171,"-113.926404,51.04916.jpg",data\processed\images\S2_000171.jpg,-113.926404,51.04916,350,350,JPEG,44312
S2_000172,172,"-113.926561,51.132558.jpg",data\processed\images\S2_000172.jpg,-113.926561,51.132558,350,350,JPEG,35996
S2_000173,173,"-113.926571,50.971379.jpg",data\processed\images\S2_000173.jpg,-113.926571,50.971379,350,350,JPEG,25135
S2_000174,174,"-113.926775,51.094334.jpg",data\processed\images\S2_000174.jpg,-113.926775,51.094334,350,350,JPEG,30305
S2_000175,175,"-113.926781,51.026341.jpg",data\processed\images\S2_000175.jpg,-113.926781,51.026341,350,350,JPEG,22370
S2_000176,176,"-113.926916,50.921776.jpg",data\processed\images\S2_000176.jpg,-113.926916,50.921776,350,350,JPEG,41181
S2_000177,177,"-113.92711,51.157318.jpg",data\processed\images\S2_000177.jpg,-113.92711,51.157318,350,350,JPEG,21697
S2_000178,178,"-113.927225,51.159259.jpg",data\processed\images\S2_000178.jpg,-113.927225,51.159259,350,350,JPEG,21338
S2_000179,179,"-113.927315,51.118192.jpg",data\processed\images\S2_000179.jpg,-113.927315,51.118192,350,350,JPEG,42896
S2_000180,180,"-113.927354,50.915741.jpg",data\processed\images\S2_000180.jpg,-113.927354,50.915741,350,350,JPEG,46372
S2_000181,181,"-113.927365,50.90598.jpg",data\processed\images\S2_000181.jpg,-113.927365,50.90598,350,350,JPEG,33196
S2_000182,182,"-113.927372,51.105889.jpg",data\processed\images\S2_000182.jpg,-113.927372,51.105889,350,350,JPEG,45898
S2_000183,183,"-113.9275,51.156954.jpg",data\processed\images\S2_000183.jpg,-113.9275,51.156954,350,350,JPEG,23132
S2_000184,184,"-113.927534,51.172217.jpg",data\processed\images\S2_000184.jpg,-113.927534,51.172217,350,350,JPEG,16986
S2_000185,185,"-113.927604,51.002419.jpg",data\processed\images\S2_000185.jpg,-113.927604,51.002419,350,350,JPEG,19700
S2_000186,186,"-113.92775,51.047235.jpg",data\processed\images\S2_000186.jpg,-113.92775,51.047235,350,350,JPEG,44926
S2_000187,187,"-113.927818,50.983648.jpg",data\processed\images\S2_000187.jpg,-113.927818,50.983648,350,350,JPEG,17240
S2_000188,188,"-113.927892,51.106798.jpg",data\processed\images\S2_000188.jpg,-113.927892,51.106798,350,350,JPEG,47966
S2_000189,189,"-113.927927,50.998023.jpg",data\processed\images\S2_000189.jpg,-113.927927,50.998023,350,350,JPEG,21906
S2_000190,190,"-113.927935,51.029029.jpg",data\processed\images\S2_000190.jpg,-113.927935,51.029029,350,350,JPEG,22487
S2_000191,191,"-113.927946,51.086678.jpg",data\processed\images\S2_000191.jpg,-113.927946,51.086678,350,350,JPEG,44742
S2_000192,192,"-113.927982,51.045834.jpg",data\processed\images\S2_000192.jpg,-113.927982,51.045834,350,350,JPEG,44459
S2_000193,193,"-113.928004,51.149429.jpg",data\processed\images\S2_000193.jpg,-113.928004,51.149429,350,350,JPEG,24419
S2_000194,194,"-113.928011,51.098556.jpg",data\processed\images\S2_000194.jpg,-113.928011,51.098556,350,350,JPEG,39825
S2_000195,195,"-113.928087,51.015612.jpg",data\processed\images\S2_000195.jpg,-113.928087,51.015612,350,350,JPEG,20878
S2_000196,196,"-113.928126,50.942906.jpg",data\processed\images\S2_000196.jpg,-113.928126,50.942906,350,350,JPEG,22062
S2_000197,197,"-113.928198,51.046286.jpg",data\processed\images\S2_000197.jpg,-113.928198,51.046286,350,350,JPEG,44605
S2_000198,198,"-113.928216,51.119515.jpg",data\processed\images\S2_000198.jpg,-113.928216,51.119515,350,350,JPEG,44433
S2_000199,199,"-113.928238,51.084777.jpg",data\processed\images\S2_000199.jpg,-113.928238,51.084777,350,350,JPEG,43188
S2_000200,200,"-113.928387,50.912865.jpg",data\processed\images\S2_000200.jpg,-113.928387,50.912865,350,350,JPEG,40319
S2_000201,201,"-113.92851,51.063163.jpg",data\processed\images\S2_000201.jpg,-113.92851,51.063163,350,350,JPEG,46768
S2_000202,202,"-113.928573,50.898931.jpg",data\processed\images\S2_000202.jpg,-113.928573,50.898931,350,350,JPEG,46719
S2_000203,203,"-113.928579,50.979448.jpg",data\processed\images\S2_000203.jpg,-113.928579,50.979448,350,350,JPEG,19501
S2_000204,204,"-113.928674,51.119506.jpg",data\processed\images\S2_000204.jpg,-113.928674,51.119506,350,350,JPEG,44338
S2_000205,205,"-113.928774,51.130615.jpg",data\processed\images\S2_000205.jpg,-113.928774,51.130615,350,350,JPEG,39285
S2_000206,206,"-113.928836,51.061689.jpg",data\processed\images\S2_000206.jpg,-113.928836,51.061689,350,350,JPEG,46221
S2_000207,207,"-113.928866,51.136849.jpg",data\processed\images\S2_000207.jpg,-113.928866,51.136849,350,350,JPEG,35211
S2_000208,208,"-113.928888,51.151357.jpg",data\processed\images\S2_000208.jpg,-113.928888,51.151357,350,350,JPEG,23896
S2_000209,209,"-113.928949,51.127955.jpg",data\processed\images\S2_000209.jpg,-113.928949,51.127955,350,350,JPEG,42259
S2_000210,210,"-113.929162,51.058273.jpg",data\processed\images\S2_000210.jpg,-113.929162,51.058273,350,350,JPEG,44383
S2_000211,211,"-113.929183,51.116213.jpg",data\processed\images\S2_000211.jpg,-113.929183,51.116213,350,350,JPEG,45373
S2_000212,212,"-113.929228,51.161364.jpg",data\processed\images\S2_000212.jpg,-113.929228,51.161364,350,350,JPEG,20863
S2_000213,213,"-113.929245,50.895712.jpg",data\processed\images\S2_000213.jpg,-113.929245,50.895712,350,350,JPEG,37792
S2_000214,214,"-113.929432,51.08089.jpg",data\processed\images\S2_000214.jpg,-113.929432,51.08089,350,350,JPEG,44946
S2_000215,215,"-113.929549,51.017077.jpg",data\processed\images\S2_000215.jpg,-113.929549,51.017077,350,350,JPEG,22662
S2_000216,216,"-113.929577,51.076356.jpg",data\processed\images\S2_000216.jpg,-113.929577,51.076356,350,350,JPEG,43663
S2_000217,217,"-113.929654,51.038108.jpg",data\processed\images\S2_000217.jpg,-113.929654,51.038108,350,350,JPEG,33416
S2_000218,218,"-113.929791,50.908241.jpg",data\processed\images\S2_000218.jpg,-113.929791,50.908241,350,350,JPEG,33966
S2_000219,219,"-113.929798,50.920012.jpg",data\processed\images\S2_000219.jpg,-113.929798,50.920012,350,350,JPEG,45568
S2_000220,220,"-113.929803,51.013552.jpg",data\processed\images\S2_000220.jpg,-113.929803,51.013552,350,350,JPEG,19418
S2_000221,221,"-113.929876,51.024541.jpg",data\processed\images\S2_000221.jpg,-113.929876,51.024541,350,350,JPEG,23170
S2_000222,222,"-113.930101,50.99413.jpg",data\processed\images\S2_000222.jpg,-113.930101,50.99413,350,350,JPEG,16997
S2_000223,223,"-113.930142,50.944847.jpg",data\processed\images\S2_000223.jpg,-113.930142,50.944847,350,350,JPEG,22296
S2_000224,224,"-113.930152,51.065508.jpg",data\processed\images\S2_000224.jpg,-113.930152,51.065508,350,350,JPEG,40033
S2_000225,225,"-113.930265,51.043252.jpg",data\processed\images\S2_000225.jpg,-113.930265,51.043252,350,350,JPEG,49257
S2_000226,226,"-113.930268,50.970514.jpg",data\processed\images\S2_000226.jpg,-113.930268,50.970514,350,350,JPEG,23142
S2_000227,227,"-113.930315,51.131176.jpg",data\processed\images\S2_000227.jpg,-113.930315,51.131176,350,350,JPEG,40717
S2_000228,228,"-113.930382,51.167041.jpg",data\processed\images\S2_000228.jpg,-113.930382,51.167041,350,350,JPEG,14587
S2_000229,229,"-113.930395,51.035127.jpg",data\processed\images\S2_000229.jpg,-113.930395,51.035127,350,350,JPEG,20658
S2_000230,230,"-113.93042,51.106349.jpg",data\processed\images\S2_000230.jpg,-113.93042,51.106349,350,350,JPEG,49133
S2_000231,231,"-113.930457,51.1381.jpg",data\processed\images\S2_000231.jpg,-113.930457,51.1381,350,350,JPEG,33535
S2_000232,232,"-113.930599,50.967458.jpg",data\processed\images\S2_000232.jpg,-113.930599,50.967458,350,350,JPEG,25945
S2_000233,233,"-113.930697,50.89488.jpg",data\processed\images\S2_000233.jpg,-113.930697,50.89488,350,350,JPEG,37531
S2_000234,234,"-113.930799,50.961398.jpg",data\processed\images\S2_000234.jpg,-113.930799,50.961398,350,350,JPEG,26781
S2_000235,235,"-113.9308,50.902395.jpg",data\processed\images\S2_000235.jpg,-113.9308,50.902395,350,350,JPEG,50486
S2_000236,236,"-113.930893,51.110884.jpg",data\processed\images\S2_000236.jpg,-113.930893,51.110884,350,350,JPEG,46470
S2_000237,237,"-113.930924,50.918441.jpg",data\processed\images\S2_000237.jpg,-113.930924,50.918441,350,350,JPEG,49049
S2_000238,238,"-113.930938,50.901934.jpg",data\processed\images\S2_000238.jpg,-113.930938,50.901934,350,350,JPEG,50747
S2_000239,239,"-113.930984,51.162041.jpg",data\processed\images\S2_000239.jpg,-113.930984,51.162041,350,350,JPEG,19570
S2_000240,240,"-113.93109,51.106713.jpg",data\processed\images\S2_000240.jpg,-113.93109,51.106713,350,350,JPEG,49314
S2_000241,241,"-113.931107,50.901912.jpg",data\processed\images\S2_000241.jpg,-113.931107,50.901912,350,350,JPEG,50725
S2_000242,242,"-113.931135,50.901434.jpg",data\processed\images\S2_000242.jpg,-113.931135,50.901434,350,350,JPEG,49495
S2_000243,243,"-113.931156,51.021925.jpg",data\processed\images\S2_000243.jpg,-113.931156,51.021925,350,350,JPEG,24155
S2_000244,244,"-113.931161,50.971863.jpg",data\processed\images\S2_000244.jpg,-113.931161,50.971863,350,350,JPEG,21974
S2_000245,245,"-113.931201,50.899321.jpg",data\processed\images\S2_000245.jpg,-113.931201,50.899321,350,350,JPEG,44436
S2_000246,246,"-113.931204,50.92876.jpg",data\processed\images\S2_000246.jpg,-113.931204,50.92876,350,350,JPEG,22724
S2_000247,247,"-113.931307,51.13175.jpg",data\processed\images\S2_000247.jpg,-113.931307,51.13175,350,350,JPEG,43216
S2_000248,248,"-113.931389,51.127004.jpg",data\processed\images\S2_000248.jpg,-113.931389,51.127004,350,350,JPEG,44581
S2_000249,249,"-113.931408,50.949557.jpg",data\processed\images\S2_000249.jpg,-113.931408,50.949557,350,350,JPEG,28114
S2_000250,250,"-113.931502,50.927271.jpg",data\processed\images\S2_000250.jpg,-113.931502,50.927271,350,350,JPEG,30358
S2_000251,251,"-113.931529,51.174197.jpg",data\processed\images\S2_000251.jpg,-113.931529,51.174197,350,350,JPEG,18105
S2_000252,252,"-113.931552,50.988238.jpg",data\processed\images\S2_000252.jpg,-113.931552,50.988238,350,350,JPEG,18117
S2_000253,253,"-113.931566,51.122821.jpg",data\processed\images\S2_000253.jpg,-113.931566,51.122821,350,350,JPEG,44004
S2_000254,254,"-113.931615,51.141488.jpg",data\processed\images\S2_000254.jpg,-113.931615,51.141488,350,350,JPEG,19521
S2_000255,255,"-113.931652,50.89513.jpg",data\processed\images\S2_000255.jpg,-113.931652,50.89513,350,350,JPEG,39946
S2_000256,256,"-113.931657,51.122097.jpg",data\processed\images\S2_000256.jpg,-113.931657,51.122097,350,350,JPEG,45661
S2_000257,257,"-113.931858,51.109185.jpg",data\processed\images\S2_000257.jpg,-113.931858,51.109185,350,350,JPEG,47067
S2_000258,258,"-113.931902,50.896045.jpg",data\processed\images\S2_000258.jpg,-113.931902,50.896045,350,350,JPEG,42059
S2_000259,259,"-113.931953,50.939306.jpg",data\processed\images\S2_000259.jpg,-113.931953,50.939306,350,350,JPEG,23612
S2_000260,260,"-113.931962,50.927497.jpg",data\processed\images\S2_000260.jpg,-113.931962,50.927497,350,350,JPEG,29575
S2_000261,261,"-113.931969,51.093267.jpg",data\processed\images\S2_000261.jpg,-113.931969,51.093267,350,350,JPEG,41849
S2_000262,262,"-113.931977,51.042483.jpg",data\processed\images\S2_000262.jpg,-113.931977,51.042483,350,350,JPEG,47434
S2_000263,263,"-113.932028,50.898158.jpg",data\processed\images\S2_000263.jpg,-113.932028,50.898158,350,350,JPEG,42090
S2_000264,264,"-113.932037,50.968261.jpg",data\processed\images\S2_000264.jpg,-113.932037,50.968261,350,350,JPEG,24800
S2_000265,265,"-113.932165,51.018492.jpg",data\processed\images\S2_000265.jpg,-113.932165,51.018492,350,350,JPEG,24816
S2_000266,266,"-113.932177,51.062505.jpg",data\processed\images\S2_000266.jpg,-113.932177,51.062505,350,350,JPEG,46787
S2_000267,267,"-113.932302,51.073439.jpg",data\processed\images\S2_000267.jpg,-113.932302,51.073439,350,350,JPEG,44707
S2_000268,268,"-113.932354,51.063635.jpg",data\processed\images\S2_000268.jpg,-113.932354,51.063635,350,350,JPEG,46777
S2_000269,269,"-113.932459,51.03072.jpg",data\processed\images\S2_000269.jpg,-113.932459,51.03072,350,350,JPEG,22485
S2_000270,270,"-113.932728,51.136572.jpg",data\processed\images\S2_000270.jpg,-113.932728,51.136572,350,350,JPEG,42841
S2_000271,271,"-113.933042,50.920958.jpg",data\processed\images\S2_000271.jpg,-113.933042,50.920958,350,350,JPEG,46146
S2_000272,272,"-113.933165,50.923089.jpg",data\processed\images\S2_000272.jpg,-113.933165,50.923089,350,350,JPEG,42309
S2_000273,273,"-113.933199,51.168403.jpg",data\processed\images\S2_000273.jpg,-113.933199,51.168403,350,350,JPEG,17021
S2_000274,274,"-113.93322,51.050501.jpg",data\processed\images\S2_000274.jpg,-113.93322,51.050501,350,350,JPEG,43968
S2_000275,275,"-113.9333,51.160946.jpg",data\processed\images\S2_000275.jpg,-113.9333,51.160946,350,350,JPEG,26874
S2_000276,276,"-113.933445,51.118448.jpg",data\processed\images\S2_000276.jpg,-113.933445,51.118448,350,350,JPEG,47144
S2_000277,277,"-113.93345,51.092498.jpg",data\processed\images\S2_000277.jpg,-113.93345,51.092498,350,350,JPEG,46261
S2_000278,278,"-113.933538,50.960816.jpg",data\processed\images\S2_000278.jpg,-113.933538,50.960816,350,350,JPEG,25248
S2_000279,279,"-113.933561,50.996461.jpg",data\processed\images\S2_000279.jpg,-113.933561,50.996461,350,350,JPEG,24191
S2_000280,280,"-113.93359,51.094438.jpg",data\processed\images\S2_000280.jpg,-113.93359,51.094438,350,350,JPEG,38851
S2_000281,281,"-113.93365,51.125456.jpg",data\processed\images\S2_000281.jpg,-113.93365,51.125456,350,350,JPEG,46477
S2_000282,282,"-113.933679,51.165688.jpg",data\processed\images\S2_000282.jpg,-113.933679,51.165688,350,350,JPEG,18829
S2_000283,283,"-113.933713,51.165787.jpg",data\processed\images\S2_000283.jpg,-113.933713,51.165787,350,350,JPEG,18899
S2_000284,284,"-113.933786,51.04848.jpg",data\processed\images\S2_000284.jpg,-113.933786,51.04848,350,350,JPEG,45047
S2_000285,285,"-113.933814,51.044726.jpg",data\processed\images\S2_000285.jpg,-113.933814,51.044726,350,350,JPEG,41077
S2_000286,286,"-113.93392,51.08973.jpg",data\processed\images\S2_000286.jpg,-113.93392,51.08973,350,350,JPEG,47728
S2_000287,287,"-113.933985,50.92199.jpg",data\processed\images\S2_000287.jpg,-113.933985,50.92199,350,350,JPEG,43302
S2_000288,288,"-113.934014,51.138326.jpg",data\processed\images\S2_000288.jpg,-113.934014,51.138326,350,350,JPEG,37367
S2_000289,289,"-113.934024,51.101406.jpg",data\processed\images\S2_000289.jpg,-113.934024,51.101406,350,350,JPEG,42166
S2_000290,290,"-113.934091,51.053849.jpg",data\processed\images\S2_000290.jpg,-113.934091,51.053849,350,350,JPEG,45778
S2_000291,291,"-113.934109,50.919529.jpg",data\processed\images\S2_000291.jpg,-113.934109,50.919529,350,350,JPEG,49005
S2_000292,292,"-113.934116,50.907742.jpg",data\processed\images\S2_000292.jpg,-113.934116,50.907742,350,350,JPEG,37357
S2_000293,293,"-113.934116,50.92228.jpg",data\processed\images\S2_000293.jpg,-113.934116,50.92228,350,350,JPEG,42614
S2_000294,294,"-113.934179,50.896851.jpg",data\processed\images\S2_000294.jpg,-113.934179,50.896851,350,350,JPEG,40579
S2_000295,295,"-113.934193,51.141837.jpg",data\processed\images\S2_000295.jpg,-113.934193,51.141837,350,350,JPEG,20199
S2_000296,296,"-113.934196,50.9265.jpg",data\processed\images\S2_000296.jpg,-113.934196,50.9265,350,350,JPEG,34881
S2_000297,297,"-113.934198,50.970985.jpg",data\processed\images\S2_000297.jpg,-113.934198,50.970985,350,350,JPEG,25758
S2_000298,298,"-113.934275,50.898401.jpg",data\processed\images\S2_000298.jpg,-113.934275,50.898401,350,350,JPEG,42531
S2_000299,299,"-113.934306,51.109507.jpg",data\processed\images\S2_000299.jpg,-113.934306,51.109507,350,350,JPEG,48063
S2_000300,300,"-113.934334,51.118181.jpg",data\processed\images\S2_000300.jpg,-113.934334,51.118181,350,350,JPEG,48293
S2_000301,301,"-113.934481,50.946243.jpg",data\processed\images\S2_000301.jpg,-113.934481,50.946243,350,350,JPEG,22678
S2_000302,302,"-113.934533,51.172354.jpg",data\processed\images\S2_000302.jpg,-113.934533,51.172354,350,350,JPEG,15348
S2_000303,303,"-113.934545,51.029357.jpg",data\processed\images\S2_000303.jpg,-113.934545,51.029357,350,350,JPEG,24582
S2_000304,304,"-113.934663,51.071446.jpg",data\processed\images\S2_000304.jpg,-113.934663,51.071446,350,350,JPEG,46084
S2_000305,305,"-113.934737,51.071146.jpg",data\processed\images\S2_000305.jpg,-113.934737,51.071146,350,350,JPEG,45808
S2_000306,306,"-113.934758,50.941802.jpg",data\processed\images\S2_000306.jpg,-113.934758,50.941802,350,350,JPEG,22438
S2_000307,307,"-113.934789,50.902977.jpg",data\processed\images\S2_000307.jpg,-113.934789,50.902977,350,350,JPEG,47992
S2_000308,308,"-113.934807,51.117769.jpg",data\processed\images\S2_000308.jpg,-113.934807,51.117769,350,350,JPEG,48517
S2_000309,309,"-113.934899,51.162942.jpg",data\processed\images\S2_000309.jpg,-113.934899,51.162942,350,350,JPEG,26832
S2_000310,310,"-113.934944,51.164346.jpg",data\processed\images\S2_000310.jpg,-113.934944,51.164346,350,350,JPEG,23539
S2_000311,311,"-113.934963,50.938075.jpg",data\processed\images\S2_000311.jpg,-113.934963,50.938075,350,350,JPEG,22085
S2_000312,312,"-113.935031,50.977152.jpg",data\processed\images\S2_000312.jpg,-113.935031,50.977152,350,350,JPEG,26852
S2_000313,313,"-113.935111,50.920711.jpg",data\processed\images\S2_000313.jpg,-113.935111,50.920711,350,350,JPEG,44862
S2_000314,314,"-113.935202,51.151344.jpg",data\processed\images\S2_000314.jpg,-113.935202,51.151344,350,350,JPEG,36201
S2_000315,315,"-113.935343,51.006863.jpg",data\processed\images\S2_000315.jpg,-113.935343,51.006863,350,350,JPEG,18396
S2_000316,316,"-113.935359,51.052069.jpg",data\processed\images\S2_000316.jpg,-113.935359,51.052069,350,350,JPEG,45487
S2_000317,317,"-113.935441,50.951232.jpg",data\processed\images\S2_000317.jpg,-113.935441,50.951232,350,350,JPEG,26624
S2_000318,318,"-113.935447,51.150911.jpg",data\processed\images\S2_000318.jpg,-113.935447,51.150911,350,350,JPEG,35777
S2_000319,319,"-113.935489,50.965986.jpg",data\processed\images\S2_000319.jpg,-113.935489,50.965986,350,350,JPEG,28063
S2_000320,320,"-113.93549,50.981497.jpg",data\processed\images\S2_000320.jpg,-113.93549,50.981497,350,350,JPEG,23510
S2_000321,321,"-113.935561,51.126241.jpg",data\processed\images\S2_000321.jpg,-113.935561,51.126241,350,350,JPEG,47048
S2_000322,322,"-113.935654,51.132948.jpg",data\processed\images\S2_000322.jpg,-113.935654,51.132948,350,350,JPEG,40968
S2_000323,323,"-113.935671,51.027502.jpg",data\processed\images\S2_000323.jpg,-113.935671,51.027502,350,350,JPEG,25925
S2_000324,324,"-113.935711,51.048967.jpg",data\processed\images\S2_000324.jpg,-113.935711,51.048967,350,350,JPEG,46036
S2_000325,325,"-113.935713,51.154715.jpg",data\processed\images\S2_000325.jpg,-113.935713,51.154715,350,350,JPEG,34165
S2_000326,326,"-113.93574,51.086559.jpg",data\processed\images\S2_000326.jpg,-113.93574,51.086559,350,350,JPEG,47839
S2_000327,327,"-113.935842,50.983865.jpg",data\processed\images\S2_000327.jpg,-113.935842,50.983865,350,350,JPEG,23473
S2_000328,328,"-113.935889,51.088295.jpg",data\processed\images\S2_000328.jpg,-113.935889,51.088295,350,350,JPEG,47564
S2_000329,329,"-113.936057,51.152265.jpg",data\processed\images\S2_000329.jpg,-113.936057,51.152265,350,350,JPEG,36044
S2_000330,330,"-113.936121,51.165225.jpg",data\processed\images\S2_000330.jpg,-113.936121,51.165225,350,350,JPEG,26093
S2_000331,331,"-113.936124,51.08907.jpg",data\processed\images\S2_000331.jpg,-113.936124,51.08907,350,350,JPEG,47999
S2_000332,332,"-113.936169,50.989914.jpg",data\processed\images\S2_000332.jpg,-113.936169,50.989914,350,350,JPEG,22941
S2_000333,333,"-113.936231,51.039148.jpg",data\processed\images\S2_000333.jpg,-113.936231,51.039148,350,350,JPEG,39048
S2_000334,334,"-113.936244,51.140896.jpg",data\processed\images\S2_000334.jpg,-113.936244,51.140896,350,350,JPEG,26821
S2_000335,335,"-113.936422,51.155165.jpg",data\processed\images\S2_000335.jpg,-113.936422,51.155165,350,350,JPEG,32058
S2_000336,336,"-113.936522,51.095871.jpg",data\processed\images\S2_000336.jpg,-113.936522,51.095871,350,350,JPEG,37226
S2_000337,337,"-113.936543,50.987142.jpg",data\processed\images\S2_000337.jpg,-113.936543,50.987142,350,350,JPEG,26525
S2_000338,338,"-113.936573,50.977765.jpg",data\processed\images\S2_000338.jpg,-113.936573,50.977765,350,350,JPEG,29715
S2_000339,339,"-113.936633,50.927707.jpg",data\processed\images\S2_000339.jpg,-113.936633,50.927707,350,350,JPEG,31523
S2_000340,340,"-113.936684,51.171352.jpg",data\processed\images\S2_000340.jpg,-113.936684,51.171352,350,350,JPEG,16741
S2_000341,341,"-113.936692,50.922754.jpg",data\processed\images\S2_000341.jpg,-113.936692,50.922754,350,350,JPEG,39889
S2_000342,342,"-113.936724,50.962585.jpg",data\processed\images\S2_000342.jpg,-113.936724,50.962585,350,350,JPEG,24088
S2_000343,343,"-113.936751,51.1687.jpg",data\processed\images\S2_000343.jpg,-113.936751,51.1687,350,350,JPEG,22476
S2_000344,344,"-113.936754,51.15484.jpg",data\processed\images\S2_000344.jpg,-113.936754,51.15484,350,350,JPEG,32189
S2_000345,345,"-113.936837,51.15611.jpg",data\processed\images\S2_000345.jpg,-113.936837,51.15611,350,350,JPEG,31743
S2_000346,346,"-113.936998,50.919889.jpg",data\processed\images\S2_000346.jpg,-113.936998,50.919889,350,350,JPEG,45468
S2_000347,347,"-113.937001,51.102763.jpg",data\processed\images\S2_000347.jpg,-113.937001,51.102763,350,350,JPEG,44237
S2_000348,348,"-113.937002,51.103721.jpg",data\processed\images\S2_000348.jpg,-113.937002,51.103721,350,350,JPEG,46075
S2_000349,349,"-113.937069,51.044766.jpg",data\processed\images\S2_000349.jpg,-113.937069,51.044766,350,350,JPEG,38679
S2_000350,350,"-113.937124,50.928691.jpg",data\processed\images\S2_000350.jpg,-113.937124,50.928691,350,350,JPEG,27466
S2_000351,351,"-113.937315,51.138842.jpg",data\processed\images\S2_000351.jpg,-113.937315,51.138842,350,350,JPEG,37762
S2_000352,352,"-113.937379,51.155677.jpg",data\processed\images\S2_000352.jpg,-113.937379,51.155677,350,350,JPEG,29602
S2_000353,353,"-113.93747,51.083478.jpg",data\processed\images\S2_000353.jpg,-113.93747,51.083478,350,350,JPEG,46153
S2_000354,354,"-113.937548,51.163607.jpg",data\processed\images\S2_000354.jpg,-113.937548,51.163607,350,350,JPEG,33990
S2_000355,355,"-113.937614,51.102686.jpg",data\processed\images\S2_000355.jpg,-113.937614,51.102686,350,350,JPEG,45226
S2_000356,356,"-113.937713,51.026952.jpg",data\processed\images\S2_000356.jpg,-113.937713,51.026952,350,350,JPEG,25182
S2_000357,357,"-113.937728,50.904629.jpg",data\processed\images\S2_000357.jpg,-113.937728,50.904629,350,350,JPEG,39247
S2_000358,358,"-113.93775,51.072362.jpg",data\processed\images\S2_000358.jpg,-113.93775,51.072362,350,350,JPEG,47948
S2_000359,359,"-113.937799,50.9319.jpg",data\processed\images\S2_000359.jpg,-113.937799,50.9319,350,350,JPEG,22970
S2_000360,360,"-113.937807,51.168418.jpg",data\processed\images\S2_000360.jpg,-113.937807,51.168418,350,350,JPEG,25884
S2_000361,361,"-113.937831,51.017701.jpg",data\processed\images\S2_000361.jpg,-113.937831,51.017701,350,350,JPEG,25588
S2_000362,362,"-113.937881,51.07327.jpg",data\processed\images\S2_000362.jpg,-113.937881,51.07327,350,350,JPEG,47603
S2_000363,363,"-113.937907,50.931612.jpg",data\processed\images\S2_000363.jpg,-113.937907,50.931612,350,350,JPEG,22955
S2_000364,364,"-113.937999,50.917889.jpg",data\processed\images\S2_000364.jpg,-113.937999,50.917889,350,350,JPEG,49669
S2_000365,365,"-113.93808,50.959327.jpg",data\processed\images\S2_000365.jpg,-113.93808,50.959327,350,350,JPEG,20294
S2_000366,366,"-113.938137,50.960466.jpg",data\processed\images\S2_000366.jpg,-113.938137,50.960466,350,350,JPEG,19911
S2_000367,367,"-113.938189,51.057892.jpg",data\processed\images\S2_000367.jpg,-113.938189,51.057892,350,350,JPEG,45189
S2_000368,368,"-113.938222,51.088038.jpg",data\processed\images\S2_000368.jpg,-113.938222,51.088038,350,350,JPEG,47118
S2_000369,369,"-113.938309,51.001793.jpg",data\processed\images\S2_000369.jpg,-113.938309,51.001793,350,350,JPEG,17317
S2_000370,370,"-113.938373,51.035184.jpg",data\processed\images\S2_000370.jpg,-113.938373,51.035184,350,350,JPEG,22371
S2_000371,371,"-113.938421,51.095368.jpg",data\processed\images\S2_000371.jpg,-113.938421,51.095368,350,350,JPEG,37001
S2_000372,372,"-113.938561,50.984781.jpg",data\processed\images\S2_000372.jpg,-113.938561,50.984781,350,350,JPEG,29117
S2_000373,373,"-113.938583,51.011668.jpg",data\processed\images\S2_000373.jpg,-113.938583,51.011668,350,350,JPEG,20637
S2_000374,374,"-113.938695,51.050455.jpg",data\processed\images\S2_000374.jpg,-113.938695,51.050455,350,350,JPEG,46498
S2_000375,375,"-113.938696,50.976649.jpg",data\processed\images\S2_000375.jpg,-113.938696,50.976649,350,350,JPEG,35315
S2_000376,376,"-113.938794,50.899392.jpg",data\processed\images\S2_000376.jpg,-113.938794,50.899392,350,350,JPEG,48235
S2_000377,377,"-113.93893,50.95367.jpg",data\processed\images\S2_000377.jpg,-113.93893,50.95367,350,350,JPEG,30316
S2_000378,378,"-113.938941,51.164473.jpg",data\processed\images\S2_000378.jpg,-113.938941,51.164473,350,350,JPEG,36981
S2_000379,379,"-113.938964,51.040883.jpg",data\processed\images\S2_000379.jpg,-113.938964,51.040883,350,350,JPEG,41578
S2_000380,380,"-113.938982,50.930159.jpg",data\processed\images\S2_000380.jpg,-113.938982,50.930159,350,350,JPEG,25165
S2_000381,381,"-113.939069,51.16427.jpg",data\processed\images\S2_000381.jpg,-113.939069,51.16427,350,350,JPEG,38143
S2_000382,382,"-113.939122,51.125745.jpg",data\processed\images\S2_000382.jpg,-113.939122,51.125745,350,350,JPEG,49471
S2_000383,383,"-113.939148,51.091081.jpg",data\processed\images\S2_000383.jpg,-113.939148,51.091081,350,350,JPEG,48264
S2_000384,384,"-113.939162,51.035631.jpg",data\processed\images\S2_000384.jpg,-113.939162,51.035631,350,350,JPEG,21908
S2_000385,385,"-113.939174,51.096829.jpg",data\processed\images\S2_000385.jpg,-113.939174,51.096829,350,350,JPEG,40615
S2_000386,386,"-113.939247,50.983626.jpg",data\processed\images\S2_000386.jpg,-113.939247,50.983626,350,350,JPEG,28793
S2_000387,387,"-113.939373,51.015757.jpg",data\processed\images\S2_000387.jpg,-113.939373,51.015757,350,350,JPEG,24397
S2_000388,388,"-113.939383,51.078017.jpg",data\processed\images\S2_000388.jpg,-113.939383,51.078017,350,350,JPEG,47434
S2_000389,389,"-113.939534,51.066773.jpg",data\processed\images\S2_000389.jpg,-113.939534,51.066773,350,350,JPEG,44804
S2_000390,390,"-113.939561,51.056748.jpg",data\processed\images\S2_000390.jpg,-113.939561,51.056748,350,350,JPEG,46669
S2_000391,391,"-113.939608,50.994245.jpg",data\processed\images\S2_000391.jpg,-113.939608,50.994245,350,350,JPEG,22387
S2_000392,392,"-113.939848,51.170419.jpg",data\processed\images\S2_000392.jpg,-113.939848,51.170419,350,350,JPEG,22627
S2_000393,393,"-113.939911,51.036926.jpg",data\processed\images\S2_000393.jpg,-113.939911,51.036926,350,350,JPEG,28196
S2_000394,394,"-113.939976,51.036043.jpg",data\processed\images\S2_000394.jpg,-113.939976,51.036043,350,350,JPEG,22187
S2_000395,395,"-113.940066,50.924491.jpg",data\processed\images\S2_000395.jpg,-113.940066,50.924491,350,350,JPEG,46987
S2_000396,396,"-113.940196,51.158902.jpg",data\processed\images\S2_000396.jpg,-113.940196,51.158902,350,350,JPEG,36345
S2_000397,397,"-113.940289,51.047542.jpg",data\processed\images\S2_000397.jpg,-113.940289,51.047542,350,350,JPEG,45772
S2_000398,398,"-113.940298,50.922063.jpg",data\processed\images\S2_000398.jpg,-113.940298,50.922063,350,350,JPEG,40487
S2_000399,399,"-113.940373,51.053281.jpg",data\processed\images\S2_000399.jpg,-113.940373,51.053281,350,350,JPEG,48508
S2_000400,400,"-113.940398,50.95408.jpg",data\processed\images\S2_000400.jpg,-113.940398,50.95408,350,350,JPEG,31403
S2_000401,401,"-113.940429,51.164653.jpg",data\processed\images\S2_000401.jpg,-113.940429,51.164653,350,350,JPEG,37857
S2_000402,402,"-113.940468,50.940294.jpg",data\processed\images\S2_000402.jpg,-113.940468,50.940294,350,350,JPEG,20742
S2_000403,403,"-113.940586,51.025873.jpg",data\processed\images\S2_000403.jpg,-113.940586,51.025873,350,350,JPEG,22141
S2_000404,404,"-113.940735,51.042337.jpg",data\processed\images\S2_000404.jpg,-113.940735,51.042337,350,350,JPEG,42329
S2_000405,405,"-113.940789,50.97404.jpg",data\processed\images\S2_000405.jpg,-113.940789,50.97404,350,350,JPEG,36881
S2_000406,406,"-113.940854,51.056843.jpg",data\processed\images\S2_000406.jpg,-113.940854,51.056843,350,350,JPEG,45588
S2_000407,407,"-113.940923,51.083701.jpg",data\processed\images\S2_000407.jpg,-113.940923,51.083701,350,350,JPEG,45754
S2_000408,408,"-113.940962,51.052407.jpg",data\processed\images\S2_000408.jpg,-113.940962,51.052407,350,350,JPEG,48082
S2_000409,409,"-113.941038,50.989609.jpg",data\processed\images\S2_000409.jpg,-113.941038,50.989609,350,350,JPEG,24313
S2_000410,410,"-113.941039,50.923157.jpg",data\processed\images\S2_000410.jpg,-113.941039,50.923157,350,350,JPEG,44294
S2_000411,411,"-113.941043,50.974086.jpg",data\processed\images\S2_000411.jpg,-113.941043,50.974086,350,350,JPEG,37011
S2_000412,412,"-113.941065,51.155613.jpg",data\processed\images\S2_000412.jpg,-113.941065,51.155613,350,350,JPEG,27550
S2_000413,413,"-113.941093,51.058352.jpg",data\processed\images\S2_000413.jpg,-113.941093,51.058352,350,350,JPEG,42257
S2_000414,414,"-113.941141,51.088767.jpg",data\processed\images\S2_000414.jpg,-113.941141,51.088767,350,350,JPEG,49019
S2_000415,415,"-113.941217,51.077179.jpg",data\processed\images\S2_000415.jpg,-113.941217,51.077179,350,350,JPEG,46899
S2_000416,416,"-113.941245,51.07877.jpg",data\processed\images\S2_000416.jpg,-113.941245,51.07877,350,350,JPEG,47625
S2_000417,417,"-113.941282,51.123218.jpg",data\processed\images\S2_000417.jpg,-113.941282,51.123218,350,350,JPEG,48913
S2_000418,418,"-113.941329,50.980897.jpg",data\processed\images\S2_000418.jpg,-113.941329,50.980897,350,350,JPEG,30812
S2_000419,419,"-113.941555,51.079019.jpg",data\processed\images\S2_000419.jpg,-113.941555,51.079019,350,350,JPEG,47673
S2_000420,420,"-113.94158,51.061246.jpg",data\processed\images\S2_000420.jpg,-113.94158,51.061246,350,350,JPEG,41375
S2_000421,421,"-113.941661,50.99352.jpg",data\processed\images\S2_000421.jpg,-113.941661,50.99352,350,350,JPEG,24635
S2_000422,422,"-113.941728,51.060675.jpg",data\processed\images\S2_000422.jpg,-113.941728,51.060675,350,350,JPEG,39814
S2_000423,423,"-113.941763,50.974147.jpg",data\processed\images\S2_000423.jpg,-113.941763,50.974147,350,350,JPEG,37572
S2_000424,424,"-113.942097,50.917207.jpg",data\processed\images\S2_000424.jpg,-113.942097,50.917207,350,350,JPEG,43584
S2_000425,425,"-113.942171,51.161344.jpg",data\processed\images\S2_000425.jpg,-113.942171,51.161344,350,350,JPEG,44335
S2_000426,426,"-113.942334,51.06246.jpg",data\processed\images\S2_000426.jpg,-113.942334,51.06246,350,350,JPEG,42999
S2_000427,427,"-113.942478,50.894549.jpg",data\processed\images\S2_000427.jpg,-113.942478,50.894549,350,350,JPEG,37638
S2_000428,428,"-113.942567,51.043325.jpg",data\processed\images\S2_000428.jpg,-113.942567,51.043325,350,350,JPEG,46931
S2_000429,429,"-113.942582,50.961358.jpg",data\processed\images\S2_000429.jpg,-113.942582,50.961358,350,350,JPEG,23138
S2_000430,430,"-113.942585,51.074336.jpg",data\processed\images\S2_000430.jpg,-113.942585,51.074336,350,350,JPEG,47104
S2_000431,431,"-113.942629,51.102899.jpg",data\processed\images\S2_000431.jpg,-113.942629,51.102899,350,350,JPEG,46250
S2_000432,432,"-113.942637,50.946381.jpg",data\processed\images\S2_000432.jpg,-113.942637,50.946381,350,350,JPEG,19655
S2_000433,433,"-113.942679,51.123816.jpg",data\processed\images\S2_000433.jpg,-113.942679,51.123816,350,350,JPEG,48111
S2_000434,434,"-113.942697,50.898048.jpg",data\processed\images\S2_000434.jpg,-113.942697,50.898048,350,350,JPEG,44607
S2_000435,435,"-113.942835,51.091804.jpg",data\processed\images\S2_000435.jpg,-113.942835,51.091804,350,350,JPEG,46634
S2_000436,436,"-113.942881,51.111461.jpg",data\processed\images\S2_000436.jpg,-113.942881,51.111461,350,350,JPEG,49360
S2_000437,437,"-113.94305,50.997194.jpg",data\processed\images\S2_000437.jpg,-113.94305,50.997194,350,350,JPEG,24611
S2_000438,438,"-113.943101,50.973214.jpg",data\processed\images\S2_000438.jpg,-113.943101,50.973214,350,350,JPEG,33547
S2_000439,439,"-113.94323,51.080929.jpg",data\processed\images\S2_000439.jpg,-113.94323,51.080929,350,350,JPEG,48362
S2_000440,440,"-113.943289,51.029214.jpg",data\processed\images\S2_000440.jpg,-113.943289,51.029214,350,350,JPEG,22221
S2_000441,441,"-113.943346,50.942214.jpg",data\processed\images\S2_000441.jpg,-113.943346,50.942214,350,350,JPEG,24144
S2_000442,442,"-113.943466,51.135766.jpg",data\processed\images\S2_000442.jpg,-113.943466,51.135766,350,350,JPEG,43434
S2_000443,443,"-113.943467,51.131757.jpg",data\processed\images\S2_000443.jpg,-113.943467,51.131757,350,350,JPEG,42154
S2_000444,444,"-113.943477,50.967054.jpg",data\processed\images\S2_000444.jpg,-113.943477,50.967054,350,350,JPEG,34889
S2_000445,445,"-113.943492,51.00066.jpg",data\processed\images\S2_000445.jpg,-113.943492,51.00066,350,350,JPEG,20638
S2_000446,446,"-113.943624,50.913425.jpg",data\processed\images\S2_000446.jpg,-113.943624,50.913425,350,350,JPEG,47488
S2_000447,447,"-113.943709,50.969805.jpg",data\processed\images\S2_000447.jpg,-113.943709,50.969805,350,350,JPEG,29582
S2_000448,448,"-113.943785,50.901901.jpg",data\processed\images\S2_000448.jpg,-113.943785,50.901901,350,350,JPEG,39460
S2_000449,449,"-113.943838,51.138093.jpg",data\processed\images\S2_000449.jpg,-113.943838,51.138093,350,350,JPEG,41648
S2_000450,450,"-113.944162,51.13079.jpg",data\processed\images\S2_000450.jpg,-113.944162,51.13079,350,350,JPEG,43727
S2_000451,451,"-113.944202,51.02718.jpg",data\processed\images\S2_000451.jpg,-113.944202,51.02718,350,350,JPEG,20917
S2_000452,452,"-113.944267,50.963975.jpg",data\processed\images\S2_000452.jpg,-113.944267,50.963975,350,350,JPEG,30746
S2_000453,453,"-113.944295,50.933519.jpg",data\processed\images\S2_000453.jpg,-113.944295,50.933519,350,350,JPEG,25058
S2_000454,454,"-113.944319,50.911695.jpg",data\processed\images\S2_000454.jpg,-113.944319,50.911695,350,350,JPEG,48574
S2_000455,455,"-113.944386,50.976917.jpg",data\processed\images\S2_000455.jpg,-113.944386,50.976917,350,350,JPEG,37423
S2_000456,456,"-113.944409,51.119732.jpg",data\processed\images\S2_000456.jpg,-113.944409,51.119732,350,350,JPEG,43617
S2_000457,457,"-113.944416,50.997039.jpg",data\processed\images\S2_000457.jpg,-113.944416,50.997039,350,350,JPEG,25673
S2_000458,458,"-113.944466,51.13694.jpg",data\processed\images\S2_000458.jpg,-113.944466,51.13694,350,350,JPEG,43168
S2_000459,459,"-113.944606,51.168258.jpg",data\processed\images\S2_000459.jpg,-113.944606,51.168258,350,350,JPEG,30681
S2_000460,460,"-113.944668,50.98608.jpg",data\processed\images\S2_000460.jpg,-113.944668,50.98608,350,350,JPEG,25838
S2_000461,461,"-113.944676,50.991863.jpg",data\processed\images\S2_000461.jpg,-113.944676,50.991863,350,350,JPEG,27359
S2_000462,462,"-113.944686,51.160368.jpg",data\processed\images\S2_000462.jpg,-113.944686,51.160368,350,350,JPEG,40969
S2_000463,463,"-113.944699,51.101619.jpg",data\processed\images\S2_000463.jpg,-113.944699,51.101619,350,350,JPEG,49443
S2_000464,464,"-113.944806,51.01909.jpg",data\processed\images\S2_000464.jpg,-113.944806,51.01909,350,350,JPEG,22780
S2_000465,465,"-113.944844,51.116008.jpg",data\processed\images\S2_000465.jpg,-113.944844,51.116008,350,350,JPEG,48529
S2_000466,466,"-113.944876,50.91533.jpg",data\processed\images\S2_000466.jpg,-113.944876,50.91533,350,350,JPEG,46264
S2_000467,467,"-113.944988,50.949062.jpg",data\processed\images\S2_000467.jpg,-113.944988,50.949062,350,350,JPEG,23543
S2_000468,468,"-113.945009,50.926368.jpg",data\processed\images\S2_000468.jpg,-113.945009,50.926368,350,350,JPEG,41087
S2_000469,469,"-113.945031,50.947002.jpg",data\processed\images\S2_000469.jpg,-113.945031,50.947002,350,350,JPEG,20836
S2_000470,470,"-113.945043,50.968996.jpg",data\processed\images\S2_000470.jpg,-113.945043,50.968996,350,350,JPEG,33500
S2_000471,471,"-113.945145,50.90639.jpg",data\processed\images\S2_000471.jpg,-113.945145,50.90639,350,350,JPEG,34786
S2_000472,472,"-113.945265,50.972095.jpg",data\processed\images\S2_000472.jpg,-113.945265,50.972095,350,350,JPEG,31206
S2_000473,473,"-113.945271,51.139504.jpg",data\processed\images\S2_000473.jpg,-113.945271,51.139504,350,350,JPEG,30470
S2_000474,474,"-113.94529,50.943174.jpg",data\processed\images\S2_000474.jpg,-113.94529,50.943174,350,350,JPEG,25147
S2_000475,475,"-113.945318,51.050025.jpg",data\processed\images\S2_000475.jpg,-113.945318,51.050025,350,350,JPEG,48242
S2_000476,476,"-113.945363,51.159069.jpg",data\processed\images\S2_000476.jpg,-113.945363,51.159069,350,350,JPEG,36218
S2_000477,477,"-113.945493,51.0604.jpg",data\processed\images\S2_000477.jpg,-113.945493,51.0604,350,350,JPEG,39296
S2_000478,478,"-113.945527,50.971855.jpg",data\processed\images\S2_000478.jpg,-113.945527,50.971855,350,350,JPEG,31214
S2_000479,479,"-113.945531,50.948758.jpg",data\processed\images\S2_000479.jpg,-113.945531,50.948758,350,350,JPEG,22962
S2_000480,480,"-113.945561,51.120362.jpg",data\processed\images\S2_000480.jpg,-113.945561,51.120362,350,350,JPEG,41914
S2_000481,481,"-113.94566,50.979964.jpg",data\processed\images\S2_000481.jpg,-113.94566,50.979964,350,350,JPEG,35873
S2_000482,482,"-113.945724,50.988923.jpg",data\processed\images\S2_000482.jpg,-113.945724,50.988923,350,350,JPEG,25202
S2_000483,483,"-113.945739,51.037837.jpg",data\processed\images\S2_000483.jpg,-113.945739,51.037837,350,350,JPEG,34330
S2_000484,484,"-113.945779,50.938541.jpg",data\processed\images\S2_000484.jpg,-113.945779,50.938541,350,350,JPEG,22787
S2_000485,485,"-113.945796,50.986075.jpg",data\processed\images\S2_000485.jpg,-113.945796,50.986075,350,350,JPEG,26322
S2_000486,486,"-113.9458,51.107015.jpg",data\processed\images\S2_000486.jpg,-113.9458,51.107015,350,350,JPEG,47180
S2_000487,487,"-113.945851,51.050139.jpg",data\processed\images\S2_000487.jpg,-113.945851,51.050139,350,350,JPEG,48477
S2_000488,488,"-113.945927,50.94854.jpg",data\processed\images\S2_000488.jpg,-113.945927,50.94854,350,350,JPEG,23277
S2_000489,489,"-113.946039,51.162374.jpg",data\processed\images\S2_000489.jpg,-113.946039,51.162374,350,350,JPEG,43430
S2_000490,490,"-113.946117,51.161702.jpg",data\processed\images\S2_000490.jpg,-113.946117,51.161702,350,350,JPEG,43956
S2_000491,491,"-113.946122,50.927379.jpg",data\processed\images\S2_000491.jpg,-113.946122,50.927379,350,350,JPEG,33370
S2_000492,492,"-113.946125,51.134634.jpg",data\processed\images\S2_000492.jpg,-113.946125,51.134634,350,350,JPEG,36699
S2_000493,493,"-113.946201,51.151104.jpg",data\processed\images\S2_000493.jpg,-113.946201,51.151104,350,350,JPEG,21732
S2_000494,494,"-113.946217,51.028564.jpg",data\processed\images\S2_000494.jpg,-113.946217,51.028564,350,350,JPEG,22372
S2_000495,495,"-113.946223,51.129284.jpg",data\processed\images\S2_000495.jpg,-113.946223,51.129284,350,350,JPEG,49508
S2_000496,496,"-113.946452,50.944183.jpg",data\processed\images\S2_000496.jpg,-113.946452,50.944183,350,350,JPEG,24272
S2_000497,497,"-113.946553,51.125338.jpg",data\processed\images\S2_000497.jpg,-113.946553,51.125338,350,350,JPEG,47232
S2_000498,498,"-113.946683,51.158774.jpg",data\processed\images\S2_000498.jpg,-113.946683,51.158774,350,350,JPEG,35395
S2_000499,499,"-113.946701,50.99244.jpg",data\processed\images\S2_000499.jpg,-113.946701,50.99244,350,350,JPEG,28343
S2_000500,500,"-113.946715,51.008609.jpg",data\processed\images\S2_000500.jpg,-113.946715,51.008609,350,350,JPEG,23399
S2_000501,501,"-113.946796,50.901733.jpg",data\processed\images\S2_000501.jpg,-113.946796,50.901733,350,350,JPEG,33651
S2_000502,502,"-113.94681,51.126661.jpg",data\processed\images\S2_000502.jpg,-113.94681,51.126661,350,350,JPEG,48573
S2_000503,503,"-113.946884,51.135927.jpg",data\processed\images\S2_000503.jpg,-113.946884,51.135927,350,350,JPEG,34803
S2_000504,504,"-113.946934,50.913309.jpg",data\processed\images\S2_000504.jpg,-113.946934,50.913309,350,350,JPEG,48208
S2_000505,505,"-113.946988,50.89979.jpg",data\processed\images\S2_000505.jpg,-113.946988,50.89979,350,350,JPEG,42375
S2_000506,506,"-113.947006,50.925593.jpg",data\processed\images\S2_000506.jpg,-113.947006,50.925593,350,350,JPEG,42032
S2_000507,507,"-113.947021,50.967566.jpg",data\processed\images\S2_000507.jpg,-113.947021,50.967566,350,350,JPEG,36456
S2_000508,508,"-113.947032,51.105854.jpg",data\processed\images\S2_000508.jpg,-113.947032,51.105854,350,350,JPEG,45765
S2_000509,509,"-113.947084,51.053612.jpg",data\processed\images\S2_000509.jpg,-113.947084,51.053612,350,350,JPEG,49340
S2_000510,510,"-113.947088,51.073537.jpg",data\processed\images\S2_000510.jpg,-113.947088,51.073537,350,350,JPEG,43473
S2_000511,511,"-113.947177,51.099477.jpg",data\processed\images\S2_000511.jpg,-113.947177,51.099477,350,350,JPEG,47340
S2_000512,512,"-113.947356,50.91983.jpg",data\processed\images\S2_000512.jpg,-113.947356,50.91983,350,350,JPEG,40949
S2_000513,513,"-113.947427,51.069712.jpg",data\processed\images\S2_000513.jpg,-113.947427,51.069712,350,350,JPEG,46415
S2_000514,514,"-113.947526,51.098282.jpg",data\processed\images\S2_000514.jpg,-113.947526,51.098282,350,350,JPEG,44594
S2_000515,515,"-113.947531,51.029839.jpg",data\processed\images\S2_000515.jpg,-113.947531,51.029839,350,350,JPEG,23881
S2_000516,516,"-113.947703,51.074932.jpg",data\processed\images\S2_000516.jpg,-113.947703,51.074932,350,350,JPEG,45144
S2_000517,517,"-113.947729,51.093849.jpg",data\processed\images\S2_000517.jpg,-113.947729,51.093849,350,350,JPEG,46969
S2_000518,518,"-113.947748,51.019389.jpg",data\processed\images\S2_000518.jpg,-113.947748,51.019389,350,350,JPEG,21338
S2_000519,519,"-113.947754,50.984987.jpg",data\processed\images\S2_000519.jpg,-113.947754,50.984987,350,350,JPEG,29928
S2_000520,520,"-113.947759,50.939777.jpg",data\processed\images\S2_000520.jpg,-113.947759,50.939777,350,350,JPEG,25639
S2_000521,521,"-113.947895,51.00131.jpg",data\processed\images\S2_000521.jpg,-113.947895,51.00131,350,350,JPEG,25599
S2_000522,522,"-113.9479,51.133939.jpg",data\processed\images\S2_000522.jpg,-113.9479,51.133939,350,350,JPEG,35107
S2_000523,523,"-113.947935,51.05342.jpg",data\processed\images\S2_000523.jpg,-113.947935,51.05342,350,350,JPEG,49350
S2_000524,524,"-113.947944,51.152917.jpg",data\processed\images\S2_000524.jpg,-113.947944,51.152917,350,350,JPEG,26372
S2_000525,525,"-113.947947,50.999395.jpg",data\processed\images\S2_000525.jpg,-113.947947,50.999395,350,350,JPEG,26720
S2_000526,526,"-113.948144,51.103116.jpg",data\processed\images\S2_000526.jpg,-113.948144,51.103116,350,350,JPEG,47405
S2_000527,527,"-113.948183,50.974216.jpg",data\processed\images\S2_000527.jpg,-113.948183,50.974216,350,350,JPEG,30183
S2_000528,528,"-113.948237,51.10316.jpg",data\processed\images\S2_000528.jpg,-113.948237,51.10316,350,350,JPEG,47147
S2_000529,529,"-113.948238,51.139778.jpg",data\processed\images\S2_000529.jpg,-113.948238,51.139778,350,350,JPEG,26338
S2_000530,530,"-113.948313,51.167806.jpg",data\processed\images\S2_000530.jpg,-113.948313,51.167806,350,350,JPEG,34816
S2_000531,531,"-113.948322,50.910298.jpg",data\processed\images\S2_000531.jpg,-113.948322,50.910298,350,350,JPEG,46139
S2_000532,532,"-113.948326,51.103268.jpg",data\processed\images\S2_000532.jpg,-113.948326,51.103268,350,350,JPEG,46930
S2_000533,533,"-113.948337,50.898079.jpg",data\processed\images\S2_000533.jpg,-113.948337,50.898079,350,350,JPEG,49417
S2_000534,534,"-113.948373,50.951635.jpg",data\processed\images\S2_000534.jpg,-113.948373,50.951635,350,350,JPEG,28762
S2_000535,535,"-113.948495,51.060811.jpg",data\processed\images\S2_000535.jpg,-113.948495,51.060811,350,350,JPEG,48060
S2_000536,536,"-113.948527,50.990151.jpg",data\processed\images\S2_000536.jpg,-113.948527,50.990151,350,350,JPEG,27089
S2_000537,537,"-113.948558,50.988505.jpg",data\processed\images\S2_000537.jpg,-113.948558,50.988505,350,350,JPEG,26456
S2_000538,538,"-113.948599,50.963216.jpg",data\processed\images\S2_000538.jpg,-113.948599,50.963216,350,350,JPEG,28847
S2_000539,539,"-113.948638,50.97049.jpg",data\processed\images\S2_000539.jpg,-113.948638,50.97049,350,350,JPEG,35610
S2_000540,540,"-113.948663,51.120795.jpg",data\processed\images\S2_000540.jpg,-113.948663,51.120795,350,350,JPEG,36877
S2_000541,541,"-113.948686,50.977104.jpg",data\processed\images\S2_000541.jpg,-113.948686,50.977104,350,350,JPEG,33727
S2_000542,542,"-113.948842,51.096927.jpg",data\processed\images\S2_000542.jpg,-113.948842,51.096927,350,350,JPEG,43622
S2_000543,543,"-113.948884,51.172406.jpg",data\processed\images\S2_000543.jpg,-113.948884,51.172406,350,350,JPEG,34770
S2_000544,544,"-113.948908,50.970039.jpg",data\processed\images\S2_000544.jpg,-113.948908,50.970039,350,350,JPEG,35872
S2_000545,545,"-113.948936,51.070004.jpg",data\processed\images\S2_000545.jpg,-113.948936,51.070004,350,350,JPEG,47501
S2_000546,546,"-113.949061,51.114497.jpg",data\processed\images\S2_000546.jpg,-113.949061,51.114497,350,350,JPEG,49772
S2_000547,547,"-113.949124,51.034835.jpg",data\processed\images\S2_000547.jpg,-113.949124,51.034835,350,350,JPEG,28712
S2_000548,548,"-113.949156,51.112189.jpg",data\processed\images\S2_000548.jpg,-113.949156,51.112189,350,350,JPEG,48343
S2_000549,549,"-113.949202,50.977478.jpg",data\processed\images\S2_000549.jpg,-113.949202,50.977478,350,350,JPEG,33272
S2_000550,550,"-113.94922,51.109367.jpg",data\processed\images\S2_000550.jpg,-113.94922,51.109367,350,350,JPEG,47808
S2_000551,551,"-113.949354,50.956402.jpg",data\processed\images\S2_000551.jpg,-113.949354,50.956402,350,350,JPEG,33175
S2_000552,552,"-113.949414,51.158478.jpg",data\processed\images\S2_000552.jpg,-113.949414,51.158478,350,350,JPEG,37646
S2_000553,553,"-113.949419,50.9665.jpg",data\processed\images\S2_000553.jpg,-113.949419,50.9665,350,350,JPEG,31566
S2_000554,554,"-113.949563,51.064844.jpg",data\processed\images\S2_000554.jpg,-113.949563,51.064844,350,350,JPEG,47386
S2_000555,555,"-113.949628,50.995773.jpg",data\processed\images\S2_000555.jpg,-113.949628,50.995773,350,350,JPEG,27224
S2_000556,556,"-113.949721,50.921119.jpg",data\processed\images\S2_000556.jpg,-113.949721,50.921119,350,350,JPEG,45312
S2_000557,557,"-113.949769,50.941853.jpg",data\processed\images\S2_000557.jpg,-113.949769,50.941853,350,350,JPEG,24305
S2_000558,558,"-113.950039,50.933457.jpg",data\processed\images\S2_000558.jpg,-113.950039,50.933457,350,350,JPEG,26591
S2_000559,559,"-113.950105,51.04527.jpg",data\processed\images\S2_000559.jpg,-113.950105,51.04527,350,350,JPEG,46351
S2_000560,560,"-113.950197,51.135567.jpg",data\processed\images\S2_000560.jpg,-113.950197,51.135567,350,350,JPEG,31727
S2_000561,561,"-113.950262,50.916002.jpg",data\processed\images\S2_000561.jpg,-113.950262,50.916002,350,350,JPEG,49319
S2_000562,562,"-113.950305,50.970861.jpg",data\processed\images\S2_000562.jpg,-113.950305,50.970861,350,350,JPEG,36764
S2_000563,563,"-113.950314,50.957363.jpg",data\processed\images\S2_000563.jpg,-113.950314,50.957363,350,350,JPEG,32907
S2_000564,564,"-113.950405,51.071009.jpg",data\processed\images\S2_000564.jpg,-113.950405,51.071009,350,350,JPEG,48044
S2_000565,565,"-113.950417,51.133652.jpg",data\processed\images\S2_000565.jpg,-113.950417,51.133652,350,350,JPEG,38155
S2_000566,566,"-113.950467,51.053095.jpg",data\processed\images\S2_000566.jpg,-113.950467,51.053095,350,350,JPEG,49745
S2_000567,567,"-113.95058,50.951533.jpg",data\processed\images\S2_000567.jpg,-113.95058,50.951533,350,350,JPEG,30134
S2_000568,568,"-113.950611,50.95279.jpg",data\processed\images\S2_000568.jpg,-113.950611,50.95279,350,350,JPEG,32251
S2_000569,569,"-113.95065,51.018625.jpg",data\processed\images\S2_000569.jpg,-113.95065,51.018625,350,350,JPEG,21326
S2_000570,570,"-113.950669,51.050986.jpg",data\processed\images\S2_000570.jpg,-113.950669,51.050986,350,350,JPEG,50647
S2_000571,571,"-113.95069,51.06397.jpg",data\processed\images\S2_000571.jpg,-113.95069,51.06397,350,350,JPEG,50912
S2_000572,572,"-113.950808,51.004233.jpg",data\processed\images\S2_000572.jpg,-113.950808,51.004233,350,350,JPEG,34234
S2_000573,573,"-113.950813,50.89706.jpg",data\processed\images\S2_000573.jpg,-113.950813,50.89706,350,350,JPEG,48376
S2_000574,574,"-113.950844,51.131118.jpg",data\processed\images\S2_000574.jpg,-113.950844,51.131118,350,350,JPEG,47018
S2_000575,575,"-113.950847,50.947686.jpg",data\processed\images\S2_000575.jpg,-113.950847,50.947686,350,350,JPEG,21808
S2_000576,576,"-113.950942,50.976273.jpg",data\processed\images\S2_000576.jpg,-113.950942,50.976273,350,350,JPEG,29801
S2_000577,577,"-113.950951,50.961047.jpg",data\processed\images\S2_000577.jpg,-113.950951,50.961047,350,350,JPEG,29967
S2_000578,578,"-113.95111,51.060765.jpg",data\processed\images\S2_000578.jpg,-113.95111,51.060765,350,350,JPEG,50400
S2_000579,579,"-113.951127,51.10316.jpg",data\processed\images\S2_000579.jpg,-113.951127,51.10316,350,350,JPEG,45347
S2_000580,580,"-113.951289,50.942946.jpg",data\processed\images\S2_000580.jpg,-113.951289,50.942946,350,350,JPEG,23188
S2_000581,581,"-113.951354,50.932289.jpg",data\processed\images\S2_000581.jpg,-113.951354,50.932289,350,350,JPEG,26301
S2_000582,582,"-113.951407,51.170104.jpg",data\processed\images\S2_000582.jpg,-113.951407,51.170104,350,350,JPEG,40321
S2_000583,583,"-113.95152,51.07227.jpg",data\processed\images\S2_000583.jpg,-113.95152,51.07227,350,350,JPEG,49193
S2_000584,584,"-113.951523,51.127215.jpg",data\processed\images\S2_000584.jpg,-113.951523,51.127215,350,350,JPEG,44775
S2_000585,585,"-113.951528,51.117976.jpg",data\processed\images\S2_000585.jpg,-113.951528,51.117976,350,350,JPEG,47866
S2_000586,586,"-113.951546,51.052584.jpg",data\processed\images\S2_000586.jpg,-113.951546,51.052584,350,350,JPEG,49361
S2_000587,587,"-113.951572,51.115882.jpg",data\processed\images\S2_000587.jpg,-113.951572,51.115882,350,350,JPEG,51658
S2_000588,588,"-113.951618,50.936152.jpg",data\processed\images\S2_000588.jpg,-113.951618,50.936152,350,350,JPEG,23589
S2_000589,589,"-113.951746,51.061094.jpg",data\processed\images\S2_000589.jpg,-113.951746,51.061094,350,350,JPEG,50430
S2_000590,590,"-113.951796,51.136068.jpg",data\processed\images\S2_000590.jpg,-113.951796,51.136068,350,350,JPEG,32255
S2_000591,591,"-113.951841,51.038948.jpg",data\processed\images\S2_000591.jpg,-113.951841,51.038948,350,350,JPEG,42919
S2_000592,592,"-113.951863,50.968968.jpg",data\processed\images\S2_000592.jpg,-113.951863,50.968968,350,350,JPEG,34591
S2_000593,593,"-113.951909,51.154204.jpg",data\processed\images\S2_000593.jpg,-113.951909,51.154204,350,350,JPEG,32438
S2_000594,594,"-113.951942,51.071077.jpg",data\processed\images\S2_000594.jpg,-113.951942,51.071077,350,350,JPEG,49284
S2_000595,595,"-113.952016,51.035747.jpg",data\processed\images\S2_000595.jpg,-113.952016,51.035747,350,350,JPEG,30522
S2_000596,596,"-113.952093,51.030038.jpg",data\processed\images\S2_000596.jpg,-113.952093,51.030038,350,350,JPEG,24894
S2_000597,597,"-113.95219,51.12702.jpg",data\processed\images\S2_000597.jpg,-113.95219,51.12702,350,350,JPEG,44386
S2_000598,598,"-113.952217,51.074573.jpg",data\processed\images\S2_000598.jpg,-113.952217,51.074573,350,350,JPEG,46313
S2_000599,599,"-113.952249,51.165497.jpg",data\processed\images\S2_000599.jpg,-113.952249,51.165497,350,350,JPEG,40057
S2_000600,600,"-113.952304,50.975524.jpg",data\processed\images\S2_000600.jpg,-113.952304,50.975524,350,350,JPEG,30633
S2_000601,601,"-113.952384,51.111085.jpg",data\processed\images\S2_000601.jpg,-113.952384,51.111085,350,350,JPEG,48936
S2_000602,602,"-113.952454,50.993758.jpg",data\processed\images\S2_000602.jpg,-113.952454,50.993758,350,350,JPEG,31142
S2_000603,603,"-113.952747,50.961797.jpg",data\processed\images\S2_000603.jpg,-113.952747,50.961797,350,350,JPEG,31361
S2_000604,604,"-113.952757,50.968655.jpg",data\processed\images\S2_000604.jpg,-113.952757,50.968655,350,350,JPEG,34443
S2_000605,605,"-113.952818,51.062021.jpg",data\processed\images\S2_000605.jpg,-113.952818,51.062021,350,350,JPEG,48906
S2_000606,606,"-113.952953,50.99493.jpg",data\processed\images\S2_000606.jpg,-113.952953,50.99493,350,350,JPEG,31722
S2_000607,607,"-113.953035,50.97719.jpg",data\processed\images\S2_000607.jpg,-113.953035,50.97719,350,350,JPEG,30893
S2_000608,608,"-113.953132,50.90091.jpg",data\processed\images\S2_000608.jpg,-113.953132,50.90091,350,350,JPEG,39947
S2_000609,609,"-113.953203,51.018196.jpg",data\processed\images\S2_000609.jpg,-113.953203,51.018196,350,350,JPEG,23506
S2_000610,610,"-113.953215,50.907107.jpg",data\processed\images\S2_000610.jpg,-113.953215,50.907107,350,350,JPEG,36405
S2_000611,611,"-113.95325,51.115459.jpg",data\processed\images\S2_000611.jpg,-113.95325,51.115459,350,350,JPEG,50841
S2_000612,612,"-113.953282,51.109616.jpg",data\processed\images\S2_000612.jpg,-113.953282,51.109616,350,350,JPEG,48709
S2_000613,613,"-113.953446,51.03028.jpg",data\processed\images\S2_000613.jpg,-113.953446,51.03028,350,350,JPEG,29604
S2_000614,614,"-113.953577,51.001982.jpg",data\processed\images\S2_000614.jpg,-113.953577,51.001982,350,350,JPEG,34484
S2_000615,615,"-113.953677,51.004179.jpg",data\processed\images\S2_000615.jpg,-113.953677,51.004179,350,350,JPEG,36782
S2_000616,616,"-113.953779,51.076027.jpg",data\processed\images\S2_000616.jpg,-113.953779,51.076027,350,350,JPEG,44304
S2_000617,617,"-113.953791,50.99199.jpg",data\processed\images\S2_000617.jpg,-113.953791,50.99199,350,350,JPEG,33706
S2_000618,618,"-113.953905,51.155225.jpg",data\processed\images\S2_000618.jpg,-113.953905,51.155225,350,350,JPEG,34790
S2_000619,619,"-113.954044,51.083211.jpg",data\processed\images\S2_000619.jpg,-113.954044,51.083211,350,350,JPEG,48431
S2_000620,620,"-113.954057,51.068623.jpg",data\processed\images\S2_000620.jpg,-113.954057,51.068623,350,350,JPEG,40881
S2_000621,621,"-113.954059,51.058954.jpg",data\processed\images\S2_000621.jpg,-113.954059,51.058954,350,350,JPEG,50755
S2_000622,622,"-113.954082,50.983687.jpg",data\processed\images\S2_000622.jpg,-113.954082,50.983687,350,350,JPEG,35194
S2_000623,623,"-113.954085,51.078607.jpg",data\processed\images\S2_000623.jpg,-113.954085,51.078607,350,350,JPEG,41506
S2_000624,624,"-113.954135,50.951899.jpg",data\processed\images\S2_000624.jpg,-113.954135,50.951899,350,350,JPEG,31632
S2_000625,625,"-113.954226,51.004734.jpg",data\processed\images\S2_000625.jpg,-113.954226,51.004734,350,350,JPEG,36862
S2_000626,626,"-113.954363,51.100451.jpg",data\processed\images\S2_000626.jpg,-113.954363,51.100451,350,350,JPEG,49099
S2_000627,627,"-113.954404,50.931147.jpg",data\processed\images\S2_000627.jpg,-113.954404,50.931147,350,350,JPEG,24596
S2_000628,628,"-113.954411,51.160959.jpg",data\processed\images\S2_000628.jpg,-113.954411,51.160959,350,350,JPEG,39556
S2_000629,629,"-113.954475,51.160932.jpg",data\processed\images\S2_000629.jpg,-113.954475,51.160932,350,350,JPEG,39221
S2_000630,630,"-113.954543,51.03704.jpg",data\processed\images\S2_000630.jpg,-113.954543,51.03704,350,350,JPEG,38101
S2_000631,631,"-113.954554,50.95413.jpg",data\processed\images\S2_000631.jpg,-113.954554,50.95413,350,350,JPEG,30713
S2_000632,632,"-113.954599,51.056693.jpg",data\processed\images\S2_000632.jpg,-113.954599,51.056693,350,350,JPEG,50064
S2_000633,633,"-113.954606,51.046376.jpg",data\processed\images\S2_000633.jpg,-113.954606,51.046376,350,350,JPEG,48797
S2_000634,634,"-113.954793,50.99169.jpg",data\processed\images\S2_000634.jpg,-113.954793,50.99169,350,350,JPEG,34820
S2_000635,635,"-113.954838,51.15536.jpg",data\processed\images\S2_000635.jpg,-113.954838,51.15536,350,350,JPEG,34784
S2_000636,636,"-113.95486,51.057663.jpg",data\processed\images\S2_000636.jpg,-113.95486,51.057663,350,350,JPEG,49985
S2_000637,637,"-113.954866,51.109939.jpg",data\processed\images\S2_000637.jpg,-113.954866,51.109939,350,350,JPEG,48902
S2_000638,638,"-113.954939,51.004638.jpg",data\processed\images\S2_000638.jpg,-113.954939,51.004638,350,350,JPEG,36434
S2_000639,639,"-113.954958,51.086428.jpg",data\processed\images\S2_000639.jpg,-113.954958,51.086428,350,350,JPEG,46991
S2_000640,640,"-113.95507,51.171185.jpg",data\processed\images\S2_000640.jpg,-113.95507,51.171185,350,350,JPEG,40106
S2_000641,641,"-113.95512,51.093343.jpg",data\processed\images\S2_000641.jpg,-113.95512,51.093343,350,350,JPEG,46104
S2_000642,642,"-113.955124,51.154212.jpg",data\processed\images\S2_000642.jpg,-113.955124,51.154212,350,350,JPEG,33503
S2_000643,643,"-113.955194,51.034329.jpg",data\processed\images\S2_000643.jpg,-113.955194,51.034329,350,350,JPEG,34108
S2_000644,644,"-113.955439,51.128737.jpg",data\processed\images\S2_000644.jpg,-113.955439,51.128737,350,350,JPEG,39533
S2_000645,645,"-113.955481,50.937987.jpg",data\processed\images\S2_000645.jpg,-113.955481,50.937987,350,350,JPEG,24518
S2_000646,646,"-113.955592,51.066271.jpg",data\processed\images\S2_000646.jpg,-113.955592,51.066271,350,350,JPEG,38970
S2_000647,647,"-113.95563,51.033504.jpg",data\processed\images\S2_000647.jpg,-113.95563,51.033504,350,350,JPEG,34830
S2_000648,648,"-113.955666,50.966909.jpg",data\processed\images\S2_000648.jpg,-113.955666,50.966909,350,350,JPEG,32677
S2_000649,649,"-113.95569,50.940638.jpg",data\processed\images\S2_000649.jpg,-113.95569,50.940638,350,350,JPEG,25393
S2_000650,650,"-113.955769,50.958892.jpg",data\processed\images\S2_000650.jpg,-113.955769,50.958892,350,350,JPEG,31287
S2_000651,651,"-113.955805,51.040682.jpg",data\processed\images\S2_000651.jpg,-113.955805,51.040682,350,350,JPEG,45895
S2_000652,652,"-113.955877,50.973392.jpg",data\processed\images\S2_000652.jpg,-113.955877,50.973392,350,350,JPEG,35156
S2_000653,653,"-113.955879,51.052844.jpg",data\processed\images\S2_000653.jpg,-113.955879,51.052844,350,350,JPEG,47826
S2_000654,654,"-113.955891,50.99508.jpg",data\processed\images\S2_000654.jpg,-113.955891,50.99508,350,350,JPEG,33428
S2_000655,655,"-113.955906,51.171865.jpg",data\processed\images\S2_000655.jpg,-113.955906,51.171865,350,350,JPEG,40115
S2_000656,656,"-113.955947,50.992675.jpg",data\processed\images\S2_000656.jpg,-113.955947,50.992675,350,350,JPEG,35162
S2_000657,657,"-113.956187,50.923027.jpg",data\processed\images\S2_000657.jpg,-113.956187,50.923027,350,350,JPEG,46100
S2_000658,658,"-113.956268,51.117571.jpg",data\processed\images\S2_000658.jpg,-113.956268,51.117571,350,350,JPEG,52991
S2_000659,659,"-113.956278,51.155109.jpg",data\processed\images\S2_000659.jpg,-113.956278,51.155109,350,350,JPEG,33952
S2_000660,660,"-113.956334,50.935892.jpg",data\processed\images\S2_000660.jpg,-113.956334,50.935892,350,350,JPEG,23757
S2_000661,661,"-113.956345,50.95355.jpg",data\processed\images\S2_000661.jpg,-113.956345,50.95355,350,350,JPEG,30304
S2_000662,662,"-113.956412,51.112069.jpg",data\processed\images\S2_000662.jpg,-113.956412,51.112069,350,350,JPEG,45148
S2_000663,663,"-113.956422,51.030707.jpg",data\processed\images\S2_000663.jpg,-113.956422,51.030707,350,350,JPEG,34229
S2_000664,664,"-113.95645,51.05088.jpg",data\processed\images\S2_000664.jpg,-113.95645,51.05088,350,350,JPEG,49084
S2_000665,665,"-113.956475,50.931412.jpg",data\processed\images\S2_000665.jpg,-113.956475,50.931412,350,350,JPEG,27115
S2_000666,666,"-113.956504,51.121158.jpg",data\processed\images\S2_000666.jpg,-113.956504,51.121158,350,350,JPEG,51427
S2_000667,667,"-113.956554,50.921033.jpg",data\processed\images\S2_000667.jpg,-113.956554,50.921033,350,350,JPEG,42458
S2_000668,668,"-113.956597,51.104118.jpg",data\processed\images\S2_000668.jpg,-113.956597,51.104118,350,350,JPEG,46072
S2_000669,669,"-113.956623,50.939871.jpg",data\processed\images\S2_000669.jpg,-113.956623,50.939871,350,350,JPEG,24265
S2_000670,670,"-113.956727,50.966866.jpg",data\processed\images\S2_000670.jpg,-113.956727,50.966866,350,350,JPEG,34949
S2_000671,671,"-113.956727,51.15492.jpg",data\processed\images\S2_000671.jpg,-113.956727,51.15492,350,350,JPEG,34313
S2_000672,672,"-113.956761,51.072339.jpg",data\processed\images\S2_000672.jpg,-113.956761,51.072339,350,350,JPEG,47605
S2_000673,673,"-113.956767,50.994956.jpg",data\processed\images\S2_000673.jpg,-113.956767,50.994956,350,350,JPEG,34015
S2_000674,674,"-113.956926,50.934063.jpg",data\processed\images\S2_000674.jpg,-113.956926,50.934063,350,350,JPEG,26319
S2_000675,675,"-113.957227,51.034789.jpg",data\processed\images\S2_000675.jpg,-113.957227,51.034789,350,350,JPEG,36280
S2_000676,676,"-113.957298,51.100816.jpg",data\processed\images\S2_000676.jpg,-113.957298,51.100816,350,350,JPEG,48333
S2_000677,677,"-113.957515,51.038728.jpg",data\processed\images\S2_000677.jpg,-113.957515,51.038728,350,350,JPEG,43889
S2_000678,678,"-113.957564,50.959584.jpg",data\processed\images\S2_000678.jpg,-113.957564,50.959584,350,350,JPEG,31926
S2_000679,679,"-113.957602,50.935677.jpg",data\processed\images\S2_000679.jpg,-113.957602,50.935677,350,350,JPEG,23968
S2_000680,680,"-113.957621,50.962945.jpg",data\processed\images\S2_000680.jpg,-113.957621,50.962945,350,350,JPEG,36121
S2_000681,681,"-113.957666,50.92961.jpg",data\processed\images\S2_000681.jpg,-113.957666,50.92961,350,350,JPEG,31687
S2_000682,682,"-113.957733,50.92315.jpg",data\processed\images\S2_000682.jpg,-113.957733,50.92315,350,350,JPEG,46200
S2_000683,683,"-113.957782,51.137992.jpg",data\processed\images\S2_000683.jpg,-113.957782,51.137992,350,350,JPEG,27542
S2_000684,684,"-113.957807,51.102204.jpg",data\processed\images\S2_000684.jpg,-113.957807,51.102204,350,350,JPEG,48789
S2_000685,685,"-113.957816,50.996242.jpg",data\processed\images\S2_000685.jpg,-113.957816,50.996242,350,350,JPEG,33945
S2_000686,686,"-113.957878,51.157799.jpg",data\processed\images\S2_000686.jpg,-113.957878,51.157799,350,350,JPEG,37540
S2_000687,687,"-113.958023,51.068082.jpg",data\processed\images\S2_000687.jpg,-113.958023,51.068082,350,350,JPEG,36856
S2_000688,688,"-113.958061,51.022021.jpg",data\processed\images\S2_000688.jpg,-113.958061,51.022021,350,350,JPEG,34863
S2_000689,689,"-113.958074,50.896458.jpg",data\processed\images\S2_000689.jpg,-113.958074,50.896458,350,350,JPEG,54318
S2_000690,690,"-113.958265,51.156681.jpg",data\processed\images\S2_000690.jpg,-113.958265,51.156681,350,350,JPEG,36512
S2_000691,691,"-113.95834,51.019266.jpg",data\processed\images\S2_000691.jpg,-113.95834,51.019266,350,350,JPEG,35999
S2_000692,692,"-113.958465,51.130636.jpg",data\processed\images\S2_000692.jpg,-113.958465,51.130636,350,350,JPEG,34663
S2_000693,693,"-113.958544,51.099957.jpg",data\processed\images\S2_000693.jpg,-113.958544,51.099957,350,350,JPEG,46661
S2_000694,694,"-113.958599,51.080056.jpg",data\processed\images\S2_000694.jpg,-113.958599,51.080056,350,350,JPEG,40723
S2_000695,695,"-113.958632,51.05183.jpg",data\processed\images\S2_000695.jpg,-113.958632,51.05183,350,350,JPEG,48838
S2_000696,696,"-113.958744,51.152542.jpg",data\processed\images\S2_000696.jpg,-113.958744,51.152542,350,350,JPEG,33091
S2_000697,697,"-113.958789,51.173184.jpg",data\processed\images\S2_000697.jpg,-113.958789,51.173184,350,350,JPEG,39468
S2_000698,698,"-113.958809,51.060861.jpg",data\processed\images\S2_000698.jpg,-113.958809,51.060861,350,350,JPEG,48022
S2_000699,699,"-113.958839,50.990877.jpg",data\processed\images\S2_000699.jpg,-113.958839,50.990877,350,350,JPEG,34444
S2_000700,700,"-113.958851,51.035297.jpg",data\processed\images\S2_000700.jpg,-113.958851,51.035297,350,350,JPEG,37725
S2_000701,701,"-113.958861,51.095419.jpg",data\processed\images\S2_000701.jpg,-113.958861,51.095419,350,350,JPEG,41218
S2_000702,702,"-113.958953,51.03146.jpg",data\processed\images\S2_000702.jpg,-113.958953,51.03146,350,350,JPEG,37620
S2_000703,703,"-113.95899,50.957823.jpg",data\processed\images\S2_000703.jpg,-113.95899,50.957823,350,350,JPEG,30466
S2_000704,704,"-113.959094,50.894889.jpg",data\processed\images\S2_000704.jpg,-113.959094,50.894889,350,350,JPEG,53296
S2_000705,705,"-113.959164,50.918363.jpg",data\processed\images\S2_000705.jpg,-113.959164,50.918363,350,350,JPEG,43588
S2_000706,706,"-113.959289,51.026756.jpg",data\processed\images\S2_000706.jpg,-113.959289,51.026756,350,350,JPEG,33295
S2_000707,707,"-113.959304,50.931602.jpg",data\processed\images\S2_000707.jpg,-113.959304,50.931602,350,350,JPEG,31305
S2_000708,708,"-113.959379,50.925061.jpg",data\processed\images\S2_000708.jpg,-113.959379,50.925061,350,350,JPEG,46628
S2_000709,709,"-113.959552,50.959935.jpg",data\processed\images\S2_000709.jpg,-113.959552,50.959935,350,350,JPEG,32580
S2_000710,710,"-113.959553,51.009322.jpg",data\processed\images\S2_000710.jpg,-113.959553,51.009322,350,350,JPEG,30895
S2_000711,711,"-113.959614,50.958894.jpg",data\processed\images\S2_000711.jpg,-113.959614,50.958894,350,350,JPEG,31704
S2_000712,712,"-113.959663,51.048231.jpg",data\processed\images\S2_000712.jpg,-113.959663,51.048231,350,350,JPEG,48099
S2_000713,713,"-113.959705,50.978542.jpg",data\processed\images\S2_000713.jpg,-113.959705,50.978542,350,350,JPEG,33394
S2_000714,714,"-113.959818,51.078172.jpg",data\processed\images\S2_000714.jpg,-113.959818,51.078172,350,350,JPEG,43129
S2_000715,715,"-113.9599,51.136839.jpg",data\processed\images\S2_000715.jpg,-113.9599,51.136839,350,350,JPEG,30017
S2_000716,716,"-113.959959,51.132874.jpg",data\processed\images\S2_000716.jpg,-113.959959,51.132874,350,350,JPEG,36255
S2_000717,717,"-113.959983,50.903686.jpg",data\processed\images\S2_000717.jpg,-113.959983,50.903686,350,350,JPEG,37603
S2_000718,718,"-113.960033,51.057054.jpg",data\processed\images\S2_000718.jpg,-113.960033,51.057054,350,350,JPEG,50053
S2_000719,719,"-113.960099,51.00684.jpg",data\processed\images\S2_000719.jpg,-113.960099,51.00684,350,350,JPEG,30878
S2_000720,720,"-113.960144,51.034955.jpg",data\processed\images\S2_000720.jpg,-113.960144,51.034955,350,350,JPEG,37468
S2_000721,721,"-113.960191,50.969502.jpg",data\processed\images\S2_000721.jpg,-113.960191,50.969502,350,350,JPEG,37357
S2_000722,722,"-113.960253,50.914326.jpg",data\processed\images\S2_000722.jpg,-113.960253,50.914326,350,350,JPEG,42148
S2_000723,723,"-113.960266,51.0268.jpg",data\processed\images\S2_000723.jpg,-113.960266,51.0268,350,350,JPEG,33209
S2_000724,724,"-113.960314,50.93079.jpg",data\processed\images\S2_000724.jpg,-113.960314,50.93079,350,350,JPEG,34982
S2_000725,725,"-113.96042,51.079285.jpg",data\processed\images\S2_000725.jpg,-113.96042,51.079285,350,350,JPEG,43950
S2_000726,726,"-113.960436,50.906827.jpg",data\processed\images\S2_000726.jpg,-113.960436,50.906827,350,350,JPEG,47832
S2_000727,727,"-113.960614,51.035684.jpg",data\processed\images\S2_000727.jpg,-113.960614,51.035684,350,350,JPEG,37957
S2_000728,728,"-113.96063,51.086668.jpg",data\processed\images\S2_000728.jpg,-113.96063,51.086668,350,350,JPEG,48408
S2_000729,729,"-113.96064,50.991405.jpg",data\processed\images\S2_000729.jpg,-113.96064,50.991405,350,350,JPEG,31707
S2_000730,730,"-113.960642,51.061105.jpg",data\processed\images\S2_000730.jpg,-113.960642,51.061105,350,350,JPEG,48540
S2_000731,731,"-113.960648,51.155672.jpg",data\processed\images\S2_000731.jpg,-113.960648,51.155672,350,350,JPEG,38966
S2_000732,732,"-113.960754,51.154486.jpg",data\processed\images\S2_000732.jpg,-113.960754,51.154486,350,350,JPEG,38092
S2_000733,733,"-113.96081,50.939041.jpg",data\processed\images\S2_000733.jpg,-113.96081,50.939041,350,350,JPEG,20578
S2_000734,734,"-113.960813,51.078495.jpg",data\processed\images\S2_000734.jpg,-113.960813,51.078495,350,350,JPEG,45576
S2_000735,735,"-113.960837,51.00149.jpg",data\processed\images\S2_000735.jpg,-113.960837,51.00149,350,350,JPEG,34850
S2_000736,736,"-113.96091,50.993582.jpg",data\processed\images\S2_000736.jpg,-113.96091,50.993582,350,350,JPEG,31095
S2_000737,737,"-113.96098,51.056527.jpg",data\processed\images\S2_000737.jpg,-113.96098,51.056527,350,350,JPEG,50195
S2_000738,738,"-113.960995,51.113784.jpg",data\processed\images\S2_000738.jpg,-113.960995,51.113784,350,350,JPEG,49717
S2_000739,739,"-113.961014,51.115592.jpg",data\processed\images\S2_000739.jpg,-113.961014,51.115592,350,350,JPEG,48299
S2_000740,740,"-113.961107,51.084587.jpg",data\processed\images\S2_000740.jpg,-113.961107,51.084587,350,350,JPEG,49320
S2_000741,741,"-113.961148,51.152218.jpg",data\processed\images\S2_000741.jpg,-113.961148,51.152218,350,350,JPEG,37811
S2_000742,742,"-113.961242,51.059939.jpg",data\processed\images\S2_000742.jpg,-113.961242,51.059939,350,350,JPEG,49171
S2_000743,743,"-113.961285,51.133971.jpg",data\processed\images\S2_000743.jpg,-113.961285,51.133971,350,350,JPEG,37875
S2_000744,744,"-113.961294,50.912856.jpg",data\processed\images\S2_000744.jpg,-113.961294,50.912856,350,350,JPEG,39301
S2_000745,745,"-113.961376,51.029505.jpg",data\processed\images\S2_000745.jpg,-113.961376,51.029505,350,350,JPEG,34798
S2_000746,746,"-113.961476,51.120086.jpg",data\processed\images\S2_000746.jpg,-113.961476,51.120086,350,350,JPEG,50012
S2_000747,747,"-113.96157,50.959496.jpg",data\processed\images\S2_000747.jpg,-113.96157,50.959496,350,350,JPEG,31995
S2_000748,748,"-113.961641,50.983266.jpg",data\processed\images\S2_000748.jpg,-113.961641,50.983266,350,350,JPEG,38605
S2_000749,749,"-113.961672,51.00252.jpg",data\processed\images\S2_000749.jpg,-113.961672,51.00252,350,350,JPEG,34409
S2_000750,750,"-113.96168,50.923657.jpg",data\processed\images\S2_000750.jpg,-113.96168,50.923657,350,350,JPEG,46892
S2_000751,751,"-113.961713,51.030028.jpg",data\processed\images\S2_000751.jpg,-113.961713,51.030028,350,350,JPEG,35388
S2_000752,752,"-113.961795,50.902895.jpg",data\processed\images\S2_000752.jpg,-113.961795,50.902895,350,350,JPEG,36577
S2_000753,753,"-113.961823,50.950914.jpg",data\processed\images\S2_000753.jpg,-113.961823,50.950914,350,350,JPEG,24656
S2_000754,754,"-113.961905,51.142112.jpg",data\processed\images\S2_000754.jpg,-113.961905,51.142112,350,350,JPEG,28154
S2_000755,755,"-113.962018,51.038165.jpg",data\processed\images\S2_000755.jpg,-113.962018,51.038165,350,350,JPEG,43177
S2_000756,756,"-113.962318,51.100896.jpg",data\processed\images\S2_000756.jpg,-113.962318,51.100896,350,350,JPEG,46013
S2_000757,757,"-113.962353,50.907268.jpg",data\processed\images\S2_000757.jpg,-113.962353,50.907268,350,350,JPEG,47245
S2_000758,758,"-113.962392,51.020396.jpg",data\processed\images\S2_000758.jpg,-113.962392,51.020396,350,350,JPEG,43591
S2_000759,759,"-113.96261,51.142971.jpg",data\processed\images\S2_000759.jpg,-113.96261,51.142971,350,350,JPEG,31892
S2_000760,760,"-113.962613,51.123487.jpg",data\processed\images\S2_000760.jpg,-113.962613,51.123487,350,350,JPEG,44346
S2_000761,761,"-113.962702,51.103285.jpg",data\processed\images\S2_000761.jpg,-113.962702,51.103285,350,350,JPEG,47163
S2_000762,762,"-113.962707,50.933803.jpg",data\processed\images\S2_000762.jpg,-113.962707,50.933803,350,350,JPEG,33608
S2_000763,763,"-113.962777,50.957508.jpg",data\processed\images\S2_000763.jpg,-113.962777,50.957508,350,350,JPEG,33097
S2_000764,764,"-113.962784,51.104309.jpg",data\processed\images\S2_000764.jpg,-113.962784,51.104309,350,350,JPEG,47320
S2_000765,765,"-113.962788,50.896328.jpg",data\processed\images\S2_000765.jpg,-113.962788,50.896328,350,350,JPEG,52110
S2_000766,766,"-113.962792,51.10157.jpg",data\processed\images\S2_000766.jpg,-113.962792,51.10157,350,350,JPEG,46774
S2_000767,767,"-113.962796,50.963453.jpg",data\processed\images\S2_000767.jpg,-113.962796,50.963453,350,350,JPEG,35619
S2_000768,768,"-113.962803,51.010115.jpg",data\processed\images\S2_000768.jpg,-113.962803,51.010115,350,350,JPEG,31763
S2_000769,769,"-113.96297,51.125447.jpg",data\processed\images\S2_000769.jpg,-113.96297,51.125447,350,350,JPEG,34221
S2_000770,770,"-113.962987,51.12136.jpg",data\processed\images\S2_000770.jpg,-113.962987,51.12136,350,350,JPEG,48111
S2_000771,771,"-113.962998,51.033313.jpg",data\processed\images\S2_000771.jpg,-113.962998,51.033313,350,350,JPEG,42211
S2_000772,772,"-113.963043,50.915994.jpg",data\processed\images\S2_000772.jpg,-113.963043,50.915994,350,350,JPEG,44638
S2_000773,773,"-113.963132,51.064174.jpg",data\processed\images\S2_000773.jpg,-113.963132,51.064174,350,350,JPEG,46642
S2_000774,774,"-113.963158,50.987067.jpg",data\processed\images\S2_000774.jpg,-113.963158,50.987067,350,350,JPEG,37192
S2_000775,775,"-113.963165,50.925302.jpg",data\processed\images\S2_000775.jpg,-113.963165,50.925302,350,350,JPEG,47890
S2_000776,776,"-113.963187,51.152206.jpg",data\processed\images\S2_000776.jpg,-113.963187,51.152206,350,350,JPEG,39545
S2_000777,777,"-113.963215,50.977018.jpg",data\processed\images\S2_000777.jpg,-113.963215,50.977018,350,350,JPEG,39725
S2_000778,778,"-113.96332,50.982207.jpg",data\processed\images\S2_000778.jpg,-113.96332,50.982207,350,350,JPEG,39366
S2_000779,779,"-113.963371,51.063455.jpg",data\processed\images\S2_000779.jpg,-113.963371,51.063455,350,350,JPEG,48217
S2_000780,780,"-113.96347,51.14111.jpg",data\processed\images\S2_000780.jpg,-113.96347,51.14111,350,350,JPEG,27033
S2_000781,781,"-113.963483,50.927236.jpg",data\processed\images\S2_000781.jpg,-113.963483,50.927236,350,350,JPEG,44244
S2_000782,782,"-113.963565,50.908654.jpg",data\processed\images\S2_000782.jpg,-113.963565,50.908654,350,350,JPEG,44303
S2_000783,783,"-113.963641,50.981312.jpg",data\processed\images\S2_000783.jpg,-113.963641,50.981312,350,350,JPEG,37983
S2_000784,784,"-113.963749,50.926756.jpg",data\processed\images\S2_000784.jpg,-113.963749,50.926756,350,350,JPEG,45665
S2_000785,785,"-113.963758,51.012406.jpg",data\processed\images\S2_000785.jpg,-113.963758,51.012406,350,350,JPEG,30701
S2_000786,786,"-113.963841,51.024447.jpg",data\processed\images\S2_000786.jpg,-113.963841,51.024447,350,350,JPEG,41138
S2_000787,787,"-113.96401,51.079192.jpg",data\processed\images\S2_000787.jpg,-113.96401,51.079192,350,350,JPEG,49754
S2_000788,788,"-113.964018,51.131427.jpg",data\processed\images\S2_000788.jpg,-113.964018,51.131427,350,350,JPEG,32422
S2_000789,789,"-113.964158,50.979893.jpg",data\processed\images\S2_000789.jpg,-113.964158,50.979893,350,350,JPEG,38349
S2_000790,790,"-113.96437,51.144467.jpg",data\processed\images\S2_000790.jpg,-113.96437,51.144467,350,350,JPEG,38346
S2_000791,791,"-113.964495,50.894995.jpg",data\processed\images\S2_000791.jpg,-113.964495,50.894995,350,350,JPEG,50042
S2_000792,792,"-113.964701,51.152469.jpg",data\processed\images\S2_000792.jpg,-113.964701,51.152469,350,350,JPEG,41133
S2_000793,793,"-113.964726,51.046512.jpg",data\processed\images\S2_000793.jpg,-113.964726,51.046512,350,350,JPEG,42383
S2_000794,794,"-113.96485,51.001651.jpg",data\processed\images\S2_000794.jpg,-113.96485,51.001651,350,350,JPEG,34429
S2_000795,795,"-113.964853,51.13772.jpg",data\processed\images\S2_000795.jpg,-113.964853,51.13772,350,350,JPEG,35535
S2_000796,796,"-113.964888,51.034971.jpg",data\processed\images\S2_000796.jpg,-113.964888,51.034971,350,350,JPEG,42256
S2_000797,797,"-113.964897,51.052215.jpg",data\processed\images\S2_000797.jpg,-113.964897,51.052215,350,350,JPEG,50359
S2_000798,798,"-113.964955,50.91095.jpg",data\processed\images\S2_000798.jpg,-113.964955,50.91095,350,350,JPEG,39736
S2_000799,799,"-113.965009,51.04883.jpg",data\processed\images\S2_000799.jpg,-113.965009,51.04883,350,350,JPEG,45455
S2_000800,800,"-113.96507,50.896912.jpg",data\processed\images\S2_000800.jpg,-113.96507,50.896912,350,350,JPEG,49598
S2_000801,801,"-113.965169,50.898048.jpg",data\processed\images\S2_000801.jpg,-113.965169,50.898048,350,350,JPEG,46687
S2_000802,802,"-113.965199,51.053543.jpg",data\processed\images\S2_000802.jpg,-113.965199,51.053543,350,350,JPEG,47824
S2_000803,803,"-113.965389,51.092643.jpg",data\processed\images\S2_000803.jpg,-113.965389,51.092643,350,350,JPEG,49607
S2_000804,804,"-113.965433,50.989834.jpg",data\processed\images\S2_000804.jpg,-113.965433,50.989834,350,350,JPEG,33741
S2_000805,805,"-113.965492,50.922871.jpg",data\processed\images\S2_000805.jpg,-113.965492,50.922871,350,350,JPEG,49287
S2_000806,806,"-113.965572,50.982758.jpg",data\processed\images\S2_000806.jpg,-113.965572,50.982758,350,350,JPEG,40615
S2_000807,807,"-113.965694,51.162834.jpg",data\processed\images\S2_000807.jpg,-113.965694,51.162834,350,350,JPEG,45868
S2_000808,808,"-113.965847,51.056815.jpg",data\processed\images\S2_000808.jpg,-113.965847,51.056815,350,350,JPEG,47406
S2_000809,809,"-113.965894,51.029819.jpg",data\processed\images\S2_000809.jpg,-113.965894,51.029819,350,350,JPEG,43144
S2_000810,810,"-113.965927,50.91654.jpg",data\processed\images\S2_000810.jpg,-113.965927,50.91654,350,350,JPEG,44651
S2_000811,811,"-113.965955,50.901348.jpg",data\processed\images\S2_000811.jpg,-113.965955,50.901348,350,350,JPEG,35337
S2_000812,812,"-113.966007,50.954562.jpg",data\processed\images\S2_000812.jpg,-113.966007,50.954562,350,350,JPEG,32924
S2_000813,813,"-113.966012,51.167312.jpg",data\processed\images\S2_000813.jpg,-113.966012,51.167312,350,350,JPEG,36583
S2_000814,814,"-113.966018,51.16575.jpg",data\processed\images\S2_000814.jpg,-113.966018,51.16575,350,350,JPEG,38318
S2_000815,815,"-113.966025,50.931301.jpg",data\processed\images\S2_000815.jpg,-113.966025,50.931301,350,350,JPEG,38326
S2_000816,816,"-113.966148,50.997232.jpg",data\processed\images\S2_000816.jpg,-113.966148,50.997232,350,350,JPEG,30318
S2_000817,817,"-113.966224,51.030496.jpg",data\processed\images\S2_000817.jpg,-113.966224,51.030496,350,350,JPEG,44333
S2_000818,818,"-113.96674,51.042826.jpg",data\processed\images\S2_000818.jpg,-113.96674,51.042826,350,350,JPEG,33472
S2_000819,819,"-113.966803,50.967314.jpg",data\processed\images\S2_000819.jpg,-113.966803,50.967314,350,350,JPEG,41206
S2_000820,820,"-113.966919,50.953481.jpg",data\processed\images\S2_000820.jpg,-113.966919,50.953481,350,350,JPEG,31661
S2_000821,821,"-113.96701,51.139907.jpg",data\processed\images\S2_000821.jpg,-113.96701,51.139907,350,350,JPEG,31451
S2_000822,822,"-113.967043,51.140532.jpg",data\processed\images\S2_000822.jpg,-113.967043,51.140532,350,350,JPEG,29843
S2_000823,823,"-113.967051,50.921227.jpg",data\processed\images\S2_000823.jpg,-113.967051,50.921227,350,350,JPEG,49584
S2_000824,824,"-113.967129,50.954545.jpg",data\processed\images\S2_000824.jpg,-113.967129,50.954545,350,350,JPEG,32427
S2_000825,825,"-113.967225,50.923685.jpg",data\processed\images\S2_000825.jpg,-113.967225,50.923685,350,350,JPEG,48750
S2_000826,826,"-113.96733,51.04179.jpg",data\processed\images\S2_000826.jpg,-113.96733,51.04179,350,350,JPEG,37226
S2_000827,827,"-113.967394,51.137602.jpg",data\processed\images\S2_000827.jpg,-113.967394,51.137602,350,350,JPEG,36303
S2_000828,828,"-113.967453,51.044421.jpg",data\processed\images\S2_000828.jpg,-113.967453,51.044421,350,350,JPEG,38302
S2_000829,829,"-113.967502,51.031829.jpg",data\processed\images\S2_000829.jpg,-113.967502,51.031829,350,350,JPEG,46748
S2_000830,830,"-113.967509,51.091607.jpg",data\processed\images\S2_000830.jpg,-113.967509,51.091607,350,350,JPEG,44825
S2_000831,831,"-113.967514,51.126645.jpg",data\processed\images\S2_000831.jpg,-113.967514,51.126645,350,350,JPEG,33387
S2_000832,832,"-113.96754,51.115563.jpg",data\processed\images\S2_000832.jpg,-113.96754,51.115563,350,350,JPEG,42826
S2_000833,833,"-113.967617,50.943084.jpg",data\processed\images\S2_000833.jpg,-113.967617,50.943084,350,350,JPEG,19415
S2_000834,834,"-113.967801,51.067597.jpg",data\processed\images\S2_000834.jpg,-113.967801,51.067597,350,350,JPEG,43753
S2_000835,835,"-113.967834,51.164844.jpg",data\processed\images\S2_000835.jpg,-113.967834,51.164844,350,350,JPEG,34623
S2_000836,836,"-113.96792,51.083345.jpg",data\processed\images\S2_000836.jpg,-113.96792,51.083345,350,350,JPEG,47113
S2_000837,837,"-113.967924,51.159284.jpg",data\processed\images\S2_000837.jpg,-113.967924,51.159284,350,350,JPEG,40638
S2_000838,838,"-113.968013,51.005312.jpg",data\processed\images\S2_000838.jpg,-113.968013,51.005312,350,350,JPEG,30949
S2_000839,839,"-113.968026,51.144092.jpg",data\processed\images\S2_000839.jpg,-113.968026,51.144092,350,350,JPEG,29288
S2_000840,840,"-113.968118,51.170995.jpg",data\processed\images\S2_000840.jpg,-113.968118,51.170995,350,350,JPEG,35565
S2_000841,841,"-113.968143,50.94088.jpg",data\processed\images\S2_000841.jpg,-113.968143,50.94088,350,350,JPEG,22143
S2_000842,842,"-113.96833,51.103028.jpg",data\processed\images\S2_000842.jpg,-113.96833,51.103028,350,350,JPEG,43285
S2_000843,843,"-113.968393,51.039359.jpg",data\processed\images\S2_000843.jpg,-113.968393,51.039359,350,350,JPEG,43968
S2_000844,844,"-113.968416,50.974801.jpg",data\processed\images\S2_000844.jpg,-113.968416,50.974801,350,350,JPEG,40460
S2_000845,845,"-113.968478,51.139816.jpg",data\processed\images\S2_000845.jpg,-113.968478,51.139816,350,350,JPEG,31047
S2_000846,846,"-113.968532,50.973381.jpg",data\processed\images\S2_000846.jpg,-113.968532,50.973381,350,350,JPEG,39798
S2_000847,847,"-113.968565,50.997738.jpg",data\processed\images\S2_000847.jpg,-113.968565,50.997738,350,350,JPEG,32592
S2_000848,848,"-113.968638,50.92488.jpg",data\processed\images\S2_000848.jpg,-113.968638,50.92488,350,350,JPEG,47985
S2_000849,849,"-113.968645,50.973211.jpg",data\processed\images\S2_000849.jpg,-113.968645,50.973211,350,350,JPEG,39594
S2_000850,850,"-113.968697,50.922302.jpg",data\processed\images\S2_000850.jpg,-113.968697,50.922302,350,350,JPEG,48765
S2_000851,851,"-113.968799,51.118668.jpg",data\processed\images\S2_000851.jpg,-113.968799,51.118668,350,350,JPEG,38869
S2_000852,852,"-113.969106,51.073786.jpg",data\processed\images\S2_000852.jpg,-113.969106,51.073786,350,350,JPEG,46696
S2_000853,853,"-113.969213,51.061553.jpg",data\processed\images\S2_000853.jpg,-113.969213,51.061553,350,350,JPEG,44869
S2_000854,854,"-113.969223,51.116123.jpg",data\processed\images\S2_000854.jpg,-113.969223,51.116123,350,350,JPEG,41135
S2_000855,855,"-113.969344,51.066405.jpg",data\processed\images\S2_000855.jpg,-113.969344,51.066405,350,350,JPEG,44363
S2_000856,856,"-113.969376,51.112734.jpg",data\processed\images\S2_000856.jpg,-113.969376,51.112734,350,350,JPEG,45255
S2_000857,857,"-113.969393,51.172392.jpg",data\processed\images\S2_000857.jpg,-113.969393,51.172392,350,350,JPEG,31240
S2_000858,858,"-113.969436,50.899592.jpg",data\processed\images\S2_000858.jpg,-113.969436,50.899592,350,350,JPEG,33506
S2_000859,859,"-113.969443,50.902705.jpg",data\processed\images\S2_000859.jpg,-113.969443,50.902705,350,350,JPEG,38094
S2_000860,860,"-113.969522,51.053444.jpg",data\processed\images\S2_000860.jpg,-113.969522,51.053444,350,350,JPEG,47370
S2_000861,861,"-113.969543,51.10072.jpg",data\processed\images\S2_000861.jpg,-113.969543,51.10072,350,350,JPEG,36808
S2_000862,862,"-113.969593,50.995518.jpg",data\processed\images\S2_000862.jpg,-113.969593,50.995518,350,350,JPEG,34295
S2_000863,863,"-113.969733,50.983713.jpg",data\processed\images\S2_000863.jpg,-113.969733,50.983713,350,350,JPEG,36189
S2_000864,864,"-113.969734,50.985386.jpg",data\processed\images\S2_000864.jpg,-113.969734,50.985386,350,350,JPEG,35018
S2_000865,865,"-113.969753,51.135423.jpg",data\processed\images\S2_000865.jpg,-113.969753,51.135423,350,350,JPEG,34650
S2_000866,866,"-113.969796,50.943724.jpg",data\processed\images\S2_000866.jpg,-113.969796,50.943724,350,350,JPEG,24112
S2_000867,867,"-113.969866,51.148452.jpg",data\processed\images\S2_000867.jpg,-113.969866,51.148452,350,350,JPEG,35321
S2_000868,868,"-113.969906,50.981622.jpg",data\processed\images\S2_000868.jpg,-113.969906,50.981622,350,350,JPEG,34455
S2_000869,869,"-113.97002,50.918917.jpg",data\processed\images\S2_000869.jpg,-113.97002,50.918917,350,350,JPEG,43664
S2_000870,870,"-113.970078,51.010516.jpg",data\processed\images\S2_000870.jpg,-113.970078,51.010516,350,350,JPEG,31214
S2_000871,871,"-113.970203,50.926008.jpg",data\processed\images\S2_000871.jpg,-113.970203,50.926008,350,350,JPEG,47775
S2_000872,872,"-113.970213,50.989127.jpg",data\processed\images\S2_000872.jpg,-113.970213,50.989127,350,350,JPEG,33714
S2_000873,873,"-113.970295,50.977916.jpg",data\processed\images\S2_000873.jpg,-113.970295,50.977916,350,350,JPEG,38724
S2_000874,874,"-113.970461,50.970233.jpg",data\processed\images\S2_000874.jpg,-113.970461,50.970233,350,350,JPEG,40582
S2_000875,875,"-113.970467,51.024696.jpg",data\processed\images\S2_000875.jpg,-113.970467,51.024696,350,350,JPEG,49382
S2_000876,876,"-113.970492,50.925125.jpg",data\processed\images\S2_000876.jpg,-113.970492,50.925125,350,350,JPEG,49116
S2_000877,877,"-113.970596,50.992714.jpg",data\processed\images\S2_000877.jpg,-113.970596,50.992714,350,350,JPEG,33545
S2_000878,878,"-113.970676,50.990148.jpg",data\processed\images\S2_000878.jpg,-113.970676,50.990148,350,350,JPEG,33232
S2_000879,879,"-113.970687,51.008897.jpg",data\processed\images\S2_000879.jpg,-113.970687,51.008897,350,350,JPEG,30887
S2_000880,880,"-113.9707,51.013033.jpg",data\processed\images\S2_000880.jpg,-113.9707,51.013033,350,350,JPEG,33937
S2_000881,881,"-113.970733,51.128952.jpg",data\processed\images\S2_000881.jpg,-113.970733,51.128952,350,350,JPEG,27804
S2_000882,882,"-113.970755,50.925756.jpg",data\processed\images\S2_000882.jpg,-113.970755,50.925756,350,350,JPEG,49128
S2_000883,883,"-113.970923,51.152005.jpg",data\processed\images\S2_000883.jpg,-113.970923,51.152005,350,350,JPEG,33491
S2_000884,884,"-113.971042,51.000971.jpg",data\processed\images\S2_000884.jpg,-113.971042,51.000971,350,350,JPEG,34218
S2_000885,885,"-113.971092,50.974251.jpg",data\processed\images\S2_000885.jpg,-113.971092,50.974251,350,350,JPEG,35889
S2_000886,886,"-113.971104,50.915559.jpg",data\processed\images\S2_000886.jpg,-113.971104,50.915559,350,350,JPEG,40562
S2_000887,887,"-113.971177,51.142878.jpg",data\processed\images\S2_000887.jpg,-113.971177,51.142878,350,350,JPEG,21401
S2_000888,888,"-113.971288,51.128442.jpg",data\processed\images\S2_000888.jpg,-113.971288,51.128442,350,350,JPEG,28696
S2_000889,889,"-113.971299,50.926146.jpg",data\processed\images\S2_000889.jpg,-113.971299,50.926146,350,350,JPEG,47033
S2_000890,890,"-113.971372,50.978893.jpg",data\processed\images\S2_000890.jpg,-113.971372,50.978893,350,350,JPEG,37691
S2_000891,891,"-113.9714,51.0491.jpg",data\processed\images\S2_000891.jpg,-113.9714,51.0491,350,350,JPEG,49488
S2_000892,892,"-113.971522,51.171381.jpg",data\processed\images\S2_000892.jpg,-113.971522,51.171381,350,350,JPEG,26871
S2_000893,893,"-113.971554,51.135462.jpg",data\processed\images\S2_000893.jpg,-113.971554,51.135462,350,350,JPEG,29840
S2_000894,894,"-113.971588,50.926815.jpg",data\processed\images\S2_000894.jpg,-113.971588,50.926815,350,350,JPEG,45275
S2_000895,895,"-113.9716,51.095637.jpg",data\processed\images\S2_000895.jpg,-113.9716,51.095637,350,350,JPEG,41988
S2_000896,896,"-113.97164,50.945978.jpg",data\processed\images\S2_000896.jpg,-113.97164,50.945978,350,350,JPEG,28451
S2_000897,897,"-113.971669,51.062614.jpg",data\processed\images\S2_000897.jpg,-113.971669,51.062614,350,350,JPEG,45631
S2_000898,898,"-113.971696,50.994051.jpg",data\processed\images\S2_000898.jpg,-113.971696,50.994051,350,350,JPEG,35033
S2_000899,899,"-113.971702,51.103655.jpg",data\processed\images\S2_000899.jpg,-113.971702,51.103655,350,350,JPEG,36773
S2_000900,900,"-113.971736,51.115848.jpg",data\processed\images\S2_000900.jpg,-113.971736,51.115848,350,350,JPEG,39758
S2_000901,901,"-113.971744,50.930709.jpg",data\processed\images\S2_000901.jpg,-113.971744,50.930709,350,350,JPEG,37336
S2_000902,902,"-113.971777,51.111004.jpg",data\processed\images\S2_000902.jpg,-113.971777,51.111004,350,350,JPEG,37568
S2_000903,903,"-113.971813,50.970683.jpg",data\processed\images\S2_000903.jpg,-113.971813,50.970683,350,350,JPEG,39371
S2_000904,904,"-113.971949,50.982747.jpg",data\processed\images\S2_000904.jpg,-113.971949,50.982747,350,350,JPEG,35139
S2_000905,905,"-113.972032,50.958918.jpg",data\processed\images\S2_000905.jpg,-113.972032,50.958918,350,350,JPEG,37205
S2_000906,906,"-113.972077,51.042992.jpg",data\processed\images\S2_000906.jpg,-113.972077,51.042992,350,350,JPEG,44110
S2_000907,907,"-113.972116,51.04728.jpg",data\processed\images\S2_000907.jpg,-113.972116,51.04728,350,350,JPEG,48605
S2_000908,908,"-113.972122,50.969995.jpg",data\processed\images\S2_000908.jpg,-113.972122,50.969995,350,350,JPEG,40152
S2_000909,909,"-113.972209,51.072252.jpg",data\processed\images\S2_000909.jpg,-113.972209,51.072252,350,350,JPEG,48198
S2_000910,910,"-113.972228,51.049016.jpg",data\processed\images\S2_000910.jpg,-113.972228,51.049016,350,350,JPEG,49107
S2_000911,911,"-113.97223,50.94966.jpg",data\processed\images\S2_000911.jpg,-113.97223,50.94966,350,350,JPEG,33157
S2_000912,912,"-113.972275,51.140212.jpg",data\processed\images\S2_000912.jpg,-113.972275,51.140212,350,350,JPEG,25126
S2_000913,913,"-113.972292,51.150185.jpg",data\processed\images\S2_000913.jpg,-113.972292,51.150185,350,350,JPEG,31539
S2_000914,914,"-113.972359,51.16849.jpg",data\processed\images\S2_000914.jpg,-113.972359,51.16849,350,350,JPEG,28311
S2_000915,915,"-113.97239,50.924025.jpg",data\processed\images\S2_000915.jpg,-113.97239,50.924025,350,350,JPEG,45653
S2_000916,916,"-113.97243,50.972287.jpg",data\processed\images\S2_000916.jpg,-113.97243,50.972287,350,350,JPEG,37813
S2_000917,917,"-113.972504,51.067356.jpg",data\processed\images\S2_000917.jpg,-113.972504,51.067356,350,350,JPEG,44323
S2_000918,918,"-113.972608,51.025932.jpg",data\processed\images\S2_000918.jpg,-113.972608,51.025932,350,350,JPEG,48225
S2_000919,919,"-113.972647,50.904352.jpg",data\processed\images\S2_000919.jpg,-113.972647,50.904352,350,350,JPEG,38635
S2_000920,920,"-113.972676,50.900701.jpg",data\processed\images\S2_000920.jpg,-113.972676,50.900701,350,350,JPEG,26542
S2_000921,921,"-113.97274,51.010853.jpg",data\processed\images\S2_000921.jpg,-113.97274,51.010853,350,350,JPEG,33818
S2_000922,922,"-113.972759,51.035351.jpg",data\processed\images\S2_000922.jpg,-113.972759,51.035351,350,350,JPEG,48132
S2_000923,923,"-113.972877,51.118093.jpg",data\processed\images\S2_000923.jpg,-113.972877,51.118093,350,350,JPEG,34111
S2_000924,924,"-113.972884,50.92781.jpg",data\processed\images\S2_000924.jpg,-113.972884,50.92781,350,350,JPEG,42445
S2_000925,925,"-113.972887,51.034771.jpg",data\processed\images\S2_000925.jpg,-113.972887,51.034771,350,350,JPEG,48596
S2_000926,926,"-113.972954,50.980077.jpg",data\processed\images\S2_000926.jpg,-113.972954,50.980077,350,350,JPEG,36914
S2_000927,927,"-113.972967,50.934194.jpg",data\processed\images\S2_000927.jpg,-113.972967,50.934194,350,350,JPEG,27834
S2_000928,928,"-113.973008,50.935271.jpg",data\processed\images\S2_000928.jpg,-113.973008,50.935271,350,350,JPEG,27429
S2_000929,929,"-113.973247,51.107452.jpg",data\processed\images\S2_000929.jpg,-113.973247,51.107452,350,350,JPEG,38685
S2_000930,930,"-113.973255,51.085696.jpg",data\processed\images\S2_000930.jpg,-113.973255,51.085696,350,350,JPEG,47486
S2_000931,931,"-113.973378,51.057797.jpg",data\processed\images\S2_000931.jpg,-113.973378,51.057797,350,350,JPEG,46034
S2_000932,932,"-113.973406,50.973533.jpg",data\processed\images\S2_000932.jpg,-113.973406,50.973533,350,350,JPEG,35310
S2_000933,933,"-113.973459,50.978356.jpg",data\processed\images\S2_000933.jpg,-113.973459,50.978356,350,350,JPEG,37236
S2_000934,934,"-113.973485,50.958994.jpg",data\processed\images\S2_000934.jpg,-113.973485,50.958994,350,350,JPEG,35175
S2_000935,935,"-113.973493,51.075542.jpg",data\processed\images\S2_000935.jpg,-113.973493,51.075542,350,350,JPEG,45720
S2_000936,936,"-113.973702,50.95602.jpg",data\processed\images\S2_000936.jpg,-113.973702,50.95602,350,350,JPEG,33816
S2_000937,937,"-113.973744,51.019617.jpg",data\processed\images\S2_000937.jpg,-113.973744,51.019617,350,350,JPEG,49433
S2_000938,938,"-113.973767,50.985707.jpg",data\processed\images\S2_000938.jpg,-113.973767,50.985707,350,350,JPEG,37286
S2_000939,939,"-113.973998,50.982051.jpg",data\processed\images\S2_000939.jpg,-113.973998,50.982051,350,350,JPEG,33400
S2_000940,940,"-113.974045,50.987885.jpg",data\processed\images\S2_000940.jpg,-113.974045,50.987885,350,350,JPEG,38997
S2_000941,941,"-113.974102,51.155157.jpg",data\processed\images\S2_000941.jpg,-113.974102,51.155157,350,350,JPEG,24804
S2_000942,942,"-113.974133,51.121923.jpg",data\processed\images\S2_000942.jpg,-113.974133,51.121923,350,350,JPEG,37565
S2_000943,943,"-113.974149,51.065401.jpg",data\processed\images\S2_000943.jpg,-113.974149,51.065401,350,350,JPEG,44398
S2_000944,944,"-113.974223,50.934726.jpg",data\processed\images\S2_000944.jpg,-113.974223,50.934726,350,350,JPEG,29892
S2_000945,945,"-113.974353,51.015316.jpg",data\processed\images\S2_000945.jpg,-113.974353,51.015316,350,350,JPEG,42130
S2_000946,946,"-113.974527,50.991369.jpg",data\processed\images\S2_000946.jpg,-113.974527,50.991369,350,350,JPEG,35150
S2_000947,947,"-113.974535,51.115437.jpg",data\processed\images\S2_000947.jpg,-113.974535,51.115437,350,350,JPEG,38218
S2_000948,948,"-113.974597,50.907645.jpg",data\processed\images\S2_000948.jpg,-113.974597,50.907645,350,350,JPEG,42864
S2_000949,949,"-113.974662,51.015128.jpg",data\processed\images\S2_000949.jpg,-113.974662,51.015128,350,350,JPEG,41129
S2_000950,950,"-113.974708,50.907227.jpg",data\processed\images\S2_000950.jpg,-113.974708,50.907227,350,350,JPEG,43631
S2_000951,951,"-113.974708,51.152364.jpg",data\processed\images\S2_000951.jpg,-113.974708,51.152364,350,350,JPEG,29561
S2_000952,952,"-113.974711,50.919142.jpg",data\processed\images\S2_000952.jpg,-113.974711,50.919142,350,350,JPEG,40740
S2_000953,953,"-113.975012,51.01079.jpg",data\processed\images\S2_000953.jpg,-113.975012,51.01079,350,350,JPEG,34917
S2_000954,954,"-113.975019,51.108842.jpg",data\processed\images\S2_000954.jpg,-113.975019,51.108842,350,350,JPEG,35518
S2_000955,955,"-113.975122,51.019847.jpg",data\processed\images\S2_000955.jpg,-113.975122,51.019847,350,350,JPEG,49075
S2_000956,956,"-113.975179,51.124188.jpg",data\processed\images\S2_000956.jpg,-113.975179,51.124188,350,350,JPEG,32677
S2_000957,957,"-113.97523,50.895791.jpg",data\processed\images\S2_000957.jpg,-113.97523,50.895791,350,350,JPEG,36020
S2_000958,958,"-113.975287,51.019555.jpg",data\processed\images\S2_000958.jpg,-113.975287,51.019555,350,350,JPEG,49019
S2_000959,959,"-113.975342,51.08251.jpg",data\processed\images\S2_000959.jpg,-113.975342,51.08251,350,350,JPEG,48328
S2_000960,960,"-113.9755,50.99664.jpg",data\processed\images\S2_000960.jpg,-113.9755,50.99664,350,350,JPEG,39724
S2_000961,961,"-113.975542,51.036872.jpg",data\processed\images\S2_000961.jpg,-113.975542,51.036872,350,350,JPEG,46040
S2_000962,962,"-113.975585,51.054764.jpg",data\processed\images\S2_000962.jpg,-113.975585,51.054764,350,350,JPEG,43404
S2_000963,963,"-113.975698,50.895121.jpg",data\processed\images\S2_000963.jpg,-113.975698,50.895121,350,350,JPEG,39055
S2_000964,964,"-113.975755,50.911543.jpg",data\processed\images\S2_000964.jpg,-113.975755,50.911543,350,350,JPEG,42597
S2_000965,965,"-113.975779,50.902178.jpg",data\processed\images\S2_000965.jpg,-113.975779,50.902178,350,350,JPEG,30558
S2_000966,966,"-113.97579,50.996494.jpg",data\processed\images\S2_000966.jpg,-113.97579,50.996494,350,350,JPEG,39730
S2_000967,967,"-113.975815,51.171926.jpg",data\processed\images\S2_000967.jpg,-113.975815,51.171926,350,350,JPEG,21641
S2_000968,968,"-113.975864,51.148374.jpg",data\processed\images\S2_000968.jpg,-113.975864,51.148374,350,350,JPEG,27917
S2_000969,969,"-113.975874,51.136747.jpg",data\processed\images\S2_000969.jpg,-113.975874,51.136747,350,350,JPEG,21483
S2_000970,970,"-113.975893,50.964907.jpg",data\processed\images\S2_000970.jpg,-113.975893,50.964907,350,350,JPEG,35187
S2_000971,971,"-113.975997,51.088677.jpg",data\processed\images\S2_000971.jpg,-113.975997,51.088677,350,350,JPEG,49509
S2_000972,972,"-113.976171,50.958437.jpg",data\processed\images\S2_000972.jpg,-113.976171,50.958437,350,350,JPEG,32072
S2_000973,973,"-113.976202,50.898441.jpg",data\processed\images\S2_000973.jpg,-113.976202,50.898441,350,350,JPEG,26210
S2_000974,974,"-113.976231,51.120565.jpg",data\processed\images\S2_000974.jpg,-113.976231,51.120565,350,350,JPEG,40334
S2_000975,975,"-113.976252,51.018414.jpg",data\processed\images\S2_000975.jpg,-113.976252,51.018414,350,350,JPEG,48566
S2_000976,976,"-113.9763,51.117806.jpg",data\processed\images\S2_000976.jpg,-113.9763,51.117806,350,350,JPEG,40669
S2_000977,977,"-113.976306,50.998307.jpg",data\processed\images\S2_000977.jpg,-113.976306,50.998307,350,350,JPEG,37833
S2_000978,978,"-113.976351,51.036701.jpg",data\processed\images\S2_000978.jpg,-113.976351,51.036701,350,350,JPEG,46391
S2_000979,979,"-113.976357,50.923564.jpg",data\processed\images\S2_000979.jpg,-113.976357,50.923564,350,350,JPEG,45255
S2_000980,980,"-113.976588,50.997581.jpg",data\processed\images\S2_000980.jpg,-113.976588,50.997581,350,350,JPEG,38118
S2_000981,981,"-113.976655,51.029915.jpg",data\processed\images\S2_000981.jpg,-113.976655,51.029915,350,350,JPEG,38915
S2_000982,982,"-113.976714,50.914401.jpg",data\processed\images\S2_000982.jpg,-113.976714,50.914401,350,350,JPEG,40410
S2_000983,983,"-113.976802,51.041854.jpg",data\processed\images\S2_000983.jpg,-113.976802,51.041854,350,350,JPEG,47511
S2_000984,984,"-113.976833,50.932188.jpg",data\processed\images\S2_000984.jpg,-113.976833,50.932188,350,350,JPEG,38888
S2_000985,985,"-113.976861,50.915933.jpg",data\processed\images\S2_000985.jpg,-113.976861,50.915933,350,350,JPEG,38341
S2_000986,986,"-113.976888,50.970233.jpg",data\processed\images\S2_000986.jpg,-113.976888,50.970233,350,350,JPEG,38840
S2_000987,987,"-113.976912,51.068521.jpg",data\processed\images\S2_000987.jpg,-113.976912,51.068521,350,350,JPEG,44648
S2_000988,988,"-113.976913,50.932978.jpg",data\processed\images\S2_000988.jpg,-113.976913,50.932978,350,350,JPEG,38231
S2_000989,989,"-113.976971,51.065638.jpg",data\processed\images\S2_000989.jpg,-113.976971,51.065638,350,350,JPEG,44273
S2_000990,990,"-113.977052,51.054963.jpg",data\processed\images\S2_000990.jpg,-113.977052,51.054963,350,350,JPEG,41849
S2_000991,991,"-113.977106,51.056684.jpg",data\processed\images\S2_000991.jpg,-113.977106,51.056684,350,350,JPEG,41360
S2_000992,992,"-113.977141,51.018901.jpg",data\processed\images\S2_000992.jpg,-113.977141,51.018901,350,350,JPEG,46725
S2_000993,993,"-113.977344,51.010479.jpg",data\processed\images\S2_000993.jpg,-113.977344,51.010479,350,350,JPEG,37957
S2_000994,994,"-113.977395,51.069544.jpg",data\processed\images\S2_000994.jpg,-113.977395,51.069544,350,350,JPEG,47561
S2_000995,995,"-113.977454,51.075071.jpg",data\processed\images\S2_000995.jpg,-113.977454,51.075071,350,350,JPEG,49339
S2_000996,996,"-113.977472,50.939737.jpg",data\processed\images\S2_000996.jpg,-113.977472,50.939737,350,350,JPEG,41883
S2_000997,997,"-113.977488,51.033236.jpg",data\processed\images\S2_000997.jpg,-113.977488,51.033236,350,350,JPEG,49089
S2_000998,998,"-113.977526,51.029363.jpg",data\processed\images\S2_000998.jpg,-113.977526,51.029363,350,350,JPEG,35920
S2_000999,999,"-113.977582,51.035234.jpg",data\processed\images\S2_000999.jpg,-113.977582,51.035234,350,350,JPEG,47690
S2_001000,1000,"-113.977598,51.00341.jpg",data\processed\images\S2_001000.jpg,-113.977598,51.00341,350,350,JPEG,36846
